{
 "type": "FeatureCollection",
 "features": [
  {
   "type": "Feature",
   "geometry": {
    "type": "Polygon",
    "coordinates": [
     [
      [
       775411.9136181483,
       2416456.852825738
      ],
      [
       775417.4900006262,
       2416470.659925969
      ],
      [
       775438.6600006286,
       2416524.0199259724
      ],
      [
       775428.2500006289,
       2416529.9199259686
      ],
      [
       775388.8000006282,
       2416570.849925967
      ],
      [
       775353.5100006269,
       2416590.5199259664
      ],
      [
       775307.1400006276,
       2416609.4999259645
      ],
      [
       775323.6200006251,
       2416749.4999259654
      ],
      [
       775577.7600006284,
       2416617.9399259677
      ],
      [
       775694.1700006279,
       2416556.5599259688
      ],
      [
       775802.45000063,
       2416499.469925973
      ],
      [
       775817.3200006285,
       2416480.6599259684
      ],
      [
       775826.5100006295,
       2416469.0299259718
      ],
      [
       775837.2100006281,
       2416463.569925973
      ],
      [
       775856.9800006286,
       2416444.4699259712
      ],
      [
       775756.9700006286,
       2416310.4199259733
      ],
      [
       775720.5600006288,
       2416263.429925975
      ],
      [
       775711.5500006273,
       2416261.539925974
      ],
      [
       775709.7500006271,
       2416260.2099259766
      ],
      [
       775707.5600006299,
       2416256.029925977
      ],
      [
       775705.3300006284,
       2416249.0599259753
      ],
      [
       775707.0600006289,
       2416242.099925975
      ],
      [
       775706.5300006286,
       2416239.469925979
      ],
      [
       775663.3300006271,
       2416165.5699259816
      ],
      [
       775663.0900006283,
       2416165.3199259765
      ],
      [
       775662.8100006297,
       2416165.1099259765
      ],
      [
       775662.5100006268,
       2416164.9499259777
      ],
      [
       775662.1800006307,
       2416164.839925977
      ],
      [
       775661.8400006269,
       2416164.7899259795
      ],
      [
       775661.4900006261,
       2416164.7899259785
      ],
      [
       775661.1500006281,
       2416164.8599259784
      ],
      [
       775571.5200006284,
       2416204.019925979
      ],
      [
       775493.6800006267,
       2416239.499925978
      ],
      [
       775454.2400006276,
       2416262.1399259754
      ],
      [
       775432.1700006275,
       2416293.279925976
      ],
      [
       775427.300000627,
       2416296.5499259736
      ],
      [
       775411.3500006262,
       2416304.829925973
      ],
      [
       775398.0300006287,
       2416278.159925977
      ],
      [
       775391.620000629,
       2416281.109925973
      ],
      [
       775370.5600006264,
       2416291.589925978
      ],
      [
       775363.760000628,
       2416294.229925974
      ],
      [
       775360.380000625,
       2416294.739925975
      ],
      [
       775357.6600006268,
       2416295.919925976
      ],
      [
       775348.9600006287,
       2416301.719925974
      ],
      [
       775368.5400006279,
       2416349.4599259775
      ],
      [
       775411.9136181483,
       2416456.852825738
      ]
     ]
    ]
   },
   "properties": {
    "id": "centro-ecologico-enriqueta-medellin",
    "nombre": "ANP Centro Ecológico Enriqueta Medellin",
    "municipios": "",
    "hectareas": 16.25,
    "cat_manejo": "",
    "cat_decreto": "",
    "id_anp_oficial": "",
    "prim_dec": "",
    "ult_dof": ""
   }
  },
  {
   "type": "Feature",
   "geometry": {
    "type": "Polygon",
    "coordinates": [
     [
      [
       786859.8744884279,
       2442826.1552143428
      ],
      [
       786811.7855000007,
       2443941.0744
      ],
      [
       786806.9432999997,
       2444053.338199999
      ],
      [
       786713.4221999999,
       2444074.6936
      ],
      [
       786694.2467,
       2444102.508699999
      ],
      [
       786778.4338999992,
       2444232.323100001
      ],
      [
       786800.1517000012,
       2444210.7968999995
      ],
      [
       786779.7739000004,
       2444683.246
      ],
      [
       786707.3656999995,
       2446361.9922
      ],
      [
       786894.8525999992,
       2447057.1575999996
      ],
      [
       786900.6143999993,
       2447055.931099999
      ],
      [
       786900.4375,
       2447033.749900001
      ],
      [
       786895.8749999999,
       2446935.9999
      ],
      [
       786909.2499999991,
       2446909.4998999997
      ],
      [
       786915.9375000009,
       2446895.9998999992
      ],
      [
       786937.3124999999,
       2446879.9998999997
      ],
      [
       786964.0625000005,
       2446875.999900001
      ],
      [
       786992.1249999991,
       2446879.9998999997
      ],
      [
       787012.1875000001,
       2446879.9998999997
      ],
      [
       787030.8750000003,
       2446874.499900001
      ],
      [
       787046.9375000005,
       2446873.2498999997
      ],
      [
       787070.9374999995,
       2446878.7499
      ],
      [
       787100.375000001,
       2446870.4999
      ],
      [
       787120.4374999999,
       2446875.999900001
      ],
      [
       787147.1249999999,
       2446878.7499
      ],
      [
       787165.8125000002,
       2446869.2499000006
      ],
      [
       787187.2499999998,
       2446863.9999
      ],
      [
       787196.5624999995,
       2446866.4998999992
      ],
      [
       787199.2500000005,
       2446878.7499
      ],
      [
       787204.3493000008,
       2446887.9001000007
      ],
      [
       787205.9375,
       2446890.749900001
      ],
      [
       787211.2499999988,
       2446902.7498999992
      ],
      [
       787213.9374999998,
       2446911.9999000006
      ],
      [
       787215.8749999997,
       2446921.999900001
      ],
      [
       787212.2500000002,
       2446958.249900001
      ],
      [
       787204.0625000008,
       2446979.2499000006
      ],
      [
       787204.0625000008,
       2446997.499900001
      ],
      [
       787200.4374999993,
       2447008.2499
      ],
      [
       787202.6875000001,
       2447038.2499000006
      ],
      [
       789636.4968000002,
       2446650.2547999998
      ],
      [
       789697.6875000008,
       2446640.4999
      ],
      [
       789418.0231000003,
       2446091.0973000005
      ],
      [
       789384.2499999994,
       2446024.7499
      ],
      [
       789317.9168999987,
       2445495.5144999996
      ],
      [
       789314.6249999997,
       2445469.2498999997
      ],
      [
       789265.6004999998,
       2445431.1747999983
      ],
      [
       789258.9375000005,
       2445425.999900001
      ],
      [
       789261.6249999991,
       2445066.249900001
      ],
      [
       789212.7500000007,
       2444645.2499
      ],
      [
       789143.1874999993,
       2444083.2498999997
      ],
      [
       789109.6875000007,
       2443802.4998999997
      ],
      [
       789058.1874999999,
       2443396.249900001
      ],
      [
       789016.1250000002,
       2443118.2499000006
      ],
      [
       788989.3749999995,
       2442932.4999
      ],
      [
       788937.9145000007,
       2442574.9078000006
      ],
      [
       788936.812499999,
       2442567.2498999992
      ],
      [
       788902.0000000002,
       2442568.749900001
      ],
      [
       788481.6249999991,
       2442536.7499
      ],
      [
       788409.8124999992,
       2442531.7499
      ],
      [
       788396.9593999996,
       2442546.309100001
      ],
      [
       788395.687499999,
       2442547.7498999997
      ],
      [
       788379.625000001,
       2442559.9999000006
      ],
      [
       788379.3918999991,
       2442560.1585999997
      ],
      [
       788356.1250000003,
       2442575.9999
      ],
      [
       788334.1249999995,
       2442592.2498999997
      ],
      [
       788323.0000000012,
       2442614.499900001
      ],
      [
       788309.0625000006,
       2442647.9998999997
      ],
      [
       788297.4289999997,
       2442670.496300001
      ],
      [
       788290.1875000006,
       2442684.4999
      ],
      [
       788271.3749999991,
       2442706.9998999992
      ],
      [
       788248.7500000007,
       2442712.7499000006
      ],
      [
       788212.999999999,
       2442696.749900001
      ],
      [
       788185.6874999992,
       2442653.2499
      ],
      [
       788140.6249999999,
       2442604.9998999992
      ],
      [
       788107.2500000002,
       2442578.499900001
      ],
      [
       788089.4519000003,
       2442555.9059999995
      ],
      [
       788086.3749999998,
       2442551.9999000006
      ],
      [
       787895.874900001,
       2442566.4545
      ],
      [
       787888.6874999995,
       2442566.999900001
      ],
      [
       787884.7301,
       2442566.6649999986
      ],
      [
       787809.5028999994,
       2442560.2988000005
      ],
      [
       787755.7500000002,
       2442555.7498999992
      ],
      [
       787525.9374999998,
       2442519.7498999992
      ],
      [
       787486.3303999999,
       2442505.5494999997
      ],
      [
       787410.1875000009,
       2442478.249900001
      ],
      [
       787341.75,
       2442460.9998999997
      ],
      [
       787226.7799000002,
       2442444.6954999994
      ],
      [
       787161.9375000005,
       2442435.499900001
      ],
      [
       786968.6497999993,
       2442457.8625000007
      ],
      [
       786948.7088999993,
       2442465.6042000004
      ],
      [
       786873.7164999996,
       2442502.9154000008
      ],
      [
       786873.7728000011,
       2442503.9298
      ],
      [
       786859.8744884279,
       2442826.1552143428
      ]
     ]
    ]
   },
   "properties": {
    "id": "cerro-de-la-sabina",
    "nombre": "ANP Cerro de La Sabina",
    "municipios": "Pabellón de Arteaga",
    "hectareas": 1058.75,
    "cat_manejo": "",
    "cat_decreto": "",
    "id_anp_oficial": "",
    "prim_dec": "",
    "ult_dof": ""
   }
  },
  {
   "type": "Feature",
   "geometry": {
    "type": "Polygon",
    "coordinates": [
     [
      [
       760959.271800982,
       2416456.852825738
      ],
      [
       761227.5976999996,
       2416784.7528999997
      ],
      [
       761584.3123000009,
       2416703.7980999993
      ],
      [
       761957.0899999995,
       2416619.197899998
      ],
      [
       762158.5457000005,
       2416573.4784000004
      ],
      [
       762273.9257999993,
       2416547.2934000012
      ],
      [
       762450.8330999993,
       2416507.1449999986
      ],
      [
       762931.8009000005,
       2416397.991499999
      ],
      [
       762940.4770999999,
       2416404.2430000002
      ],
      [
       763012.3871000002,
       2416387.2137000007
      ],
      [
       763068.3085999992,
       2416450.8027999992
      ],
      [
       763177.646499999,
       2416575.1325000003
      ],
      [
       763212.2769000004,
       2416600.0848999987
      ],
      [
       763222.3436999994,
       2416620.0141999996
      ],
      [
       763580.2482000011,
       2416966.5765000004
      ],
      [
       763653.7965999994,
       2417037.7940999987
      ],
      [
       763824.2866000001,
       2417225.0997
      ],
      [
       763883.1755999994,
       2417266.120500001
      ],
      [
       763889.6108000004,
       2417296.8666999987
      ],
      [
       763931.3304000006,
       2417342.7011999986
      ],
      [
       763935.0573000015,
       2417371.0722999997
      ],
      [
       763971.096599999,
       2417645.421700001
      ],
      [
       763975.8858,
       2417681.879200001
      ],
      [
       763984.8326000014,
       2417769.814600001
      ],
      [
       763996.4518000007,
       2417884.0157999992
      ],
      [
       764020.4436999998,
       2418079.3001000006
      ],
      [
       764044.4362000002,
       2418288.2886999995
      ],
      [
       764040.4439,
       2418650.191299999
      ],
      [
       764110.8386000001,
       2419308.7871000003
      ],
      [
       764130.6948999986,
       2419454.7876000004
      ],
      [
       764157.9086999996,
       2419654.8874999997
      ],
      [
       764189.4288999998,
       2419762.722200001
      ],
      [
       764173.6119,
       2419770.3505999995
      ],
      [
       764174.1882000001,
       2419774.5881999983
      ],
      [
       763120.5439,
       2420359.9872999988
      ],
      [
       763169.0618000005,
       2420519.8176999995
      ],
      [
       763176.5489999995,
       2420544.4822000004
      ],
      [
       763242.4022000008,
       2420724.5802
      ],
      [
       763272.9850000014,
       2420800.4310000003
      ],
      [
       763297.8535999994,
       2420862.1030999995
      ],
      [
       763328.4857999999,
       2420938.068199999
      ],
      [
       763398.6892000006,
       2421120.6812
      ],
      [
       763546.6865999995,
       2421433.4911
      ],
      [
       763559.1796000005,
       2421459.8949999986
      ],
      [
       763571.0354000011,
       2421644.2020999994
      ],
      [
       763585.4538,
       2421691.3803
      ],
      [
       763625.4277000002,
       2421822.1787
      ],
      [
       763688.4494000003,
       2421980.967499999
      ],
      [
       763692.0339999999,
       2421982.1659999997
      ],
      [
       763690.4011999994,
       2421985.885299999
      ],
      [
       763705.4334999992,
       2422023.7605
      ],
      [
       763758.3123999994,
       2422156.993500001
      ],
      [
       763764.037300001,
       2422171.418
      ],
      [
       763769.9589000001,
       2422179.699799999
      ],
      [
       763769.4675,
       2422185.0999000007
      ],
      [
       763801.3609999985,
       2422265.4582999996
      ],
      [
       763825.316899999,
       2422457.3529000008
      ],
      [
       764141.1986999994,
       2422779.269800001
      ],
      [
       764381.1375000008,
       2422800.5187999997
      ],
      [
       764452.9215999998,
       2422733.8586000004
      ],
      [
       764472.0549999987,
       2422709.776900002
      ],
      [
       764602.8781999999,
       2422594.6056
      ],
      [
       764705.3649999992,
       2422499.434100001
      ],
      [
       764721.2887000014,
       2422484.647000001
      ],
      [
       764813.4195999989,
       2422507.5279
      ],
      [
       764925.785400001,
       2422535.4341999996
      ],
      [
       765037.255,
       2422563.118
      ],
      [
       765162.1677999997,
       2422594.140399999
      ],
      [
       765198.1325000013,
       2422603.0722999997
      ],
      [
       765273.1772999994,
       2422672.0075000008
      ],
      [
       765418.3900000002,
       2422805.398
      ],
      [
       765547.583100001,
       2422924.0730999997
      ],
      [
       765571.7215999995,
       2422946.2464
      ],
      [
       765706.2806999995,
       2422912.0863999994
      ],
      [
       765765.1701999994,
       2422897.1363999983
      ],
      [
       765856.5260999997,
       2422873.9443
      ],
      [
       765928.3771000005,
       2422855.7038000003
      ],
      [
       766001.4250999987,
       2422837.1594000002
      ],
      [
       766118.1389999995,
       2422807.5298000006
      ],
      [
       766237.8231000006,
       2422777.1460999986
      ],
      [
       766325.5432000012,
       2422754.877
      ],
      [
       766439.1190000004,
       2422705.7849
      ],
      [
       766448.6797000006,
       2422701.652400001
      ],
      [
       766453.6157999994,
       2422699.518799999
      ],
      [
       766502.9250999995,
       2422676.5219000005
      ],
      [
       766503.6129000006,
       2422676.2010999997
      ],
      [
       766505.8094999997,
       2422676.958599999
      ],
      [
       766672.1213000007,
       2422605.071900001
      ],
      [
       766689.1671000014,
       2422583.7383000003
      ],
      [
       766702.8954000007,
       2422597.4527
      ],
      [
       766943.0773999997,
       2422565.5822
      ],
      [
       766981.5673000007,
       2422560.4749000007
      ],
      [
       767242.1567,
       2422530.0927000004
      ],
      [
       767328.3833999996,
       2422587.3542999993
      ],
      [
       767343.1425999994,
       2422597.155699999
      ],
      [
       767425.1012999995,
       2422651.583
      ],
      [
       767488.7241000006,
       2422693.8337999987
      ],
      [
       767508.4611999997,
       2422706.9407999995
      ],
      [
       767543.4410000005,
       2422697.1983000003
      ],
      [
       767660.9510000006,
       2422664.4696
      ],
      [
       767732.8785999995,
       2422644.436499999
      ],
      [
       767956.1244,
       2422672.043700001
      ],
      [
       767961.1193999995,
       2422663.1357000014
      ],
      [
       767974.7470000003,
       2422672.3284000005
      ],
      [
       767973.4647000013,
       2422674.188100002
      ],
      [
       768008.4338000007,
       2422678.5124999993
      ],
      [
       768160.6937000002,
       2422566.8677999987
      ],
      [
       768131.3613000008,
       2422445.2098
      ],
      [
       768127.7166999987,
       2422430.0935
      ],
      [
       768108.7433000007,
       2422440.306500001
      ],
      [
       768110.6795999997,
       2422359.4311999986
      ],
      [
       768101.1244999995,
       2422319.8010000014
      ],
      [
       768083.8498999993,
       2422248.1533999997
      ],
      [
       768066.931900001,
       2422177.9848999996
      ],
      [
       768059.1962000009,
       2422157.320099999
      ],
      [
       768055.2924999995,
       2422146.8918999997
      ],
      [
       768013.5364000004,
       2422035.3468000004
      ],
      [
       768002.1689999991,
       2422004.9805
      ],
      [
       767864.7856999988,
       2421637.9811000004
      ],
      [
       767846.5164999997,
       2421589.1774999998
      ],
      [
       768093.6771000009,
       2421148.8698999984
      ],
      [
       768278.9500000003,
       2420430.8334999997
      ],
      [
       768307.1758000014,
       2420321.442700001
      ],
      [
       768373.1782999998,
       2420234.809699999
      ],
      [
       768690.7259000004,
       2419818.0052000005
      ],
      [
       768734.2206000002,
       2419760.9152000016
      ],
      [
       768707.5138999991,
       2419413.9344999986
      ],
      [
       768754.6094999998,
       2419340.6702
      ],
      [
       768947.7240999993,
       2419040.2513000006
      ],
      [
       768999.6423000003,
       2418875.824600001
      ],
      [
       769107.8531999999,
       2418533.117000001
      ],
      [
       769127.7593,
       2418418.6317000003
      ],
      [
       769214.594100001,
       2417919.2212000014
      ],
      [
       769247.3751000009,
       2417730.688599999
      ],
      [
       769263.4348999987,
       2417638.3242
      ],
      [
       769275.0674999997,
       2417571.4219999993
      ],
      [
       769321.3349999998,
       2417305.3252000017
      ],
      [
       769372.2679000004,
       2417132.1314000012
      ],
      [
       769454.7746000006,
       2416851.5736000007
      ],
      [
       769454.7515999997,
       2416317.7548999987
      ],
      [
       769828.4189000005,
       2415890.6838000016
      ],
      [
       770175.4013000004,
       2415623.7594000017
      ],
      [
       770469.0069000003,
       2415516.982999998
      ],
      [
       770789.3043000004,
       2415410.2054999997
      ],
      [
       770736.098700001,
       2415197.428600001
      ],
      [
       770735.9114999998,
       2415196.6802000003
      ],
      [
       770760.3164000008,
       2415048.014199999
      ],
      [
       770782.7980000003,
       2414911.063499999
      ],
      [
       770399.2746999997,
       2414443.7897000005
      ],
      [
       770135.0185999996,
       2414114.250399999
      ],
      [
       769881.9179000008,
       2413798.6225
      ],
      [
       769791.3182999995,
       2413685.6407000003
      ],
      [
       769427.1142000008,
       2413270.9182999986
      ],
      [
       768520.3903999997,
       2413030.3927
      ],
      [
       768453.8563999999,
       2413012.7433
      ],
      [
       767946.6696999999,
       2412898.2107000006
      ],
      [
       767698.7677000005,
       2412842.2296999996
      ],
      [
       767347.0826000001,
       2412762.8123999992
      ],
      [
       767152.3593000007,
       2412722.221799999
      ],
      [
       767100.401700001,
       2412711.3911000015
      ],
      [
       766244.8547000005,
       2412533.050200001
      ],
      [
       766166.8793000006,
       2412582.3136
      ],
      [
       765803.8793000005,
       2412811.6504
      ],
      [
       765749.1941999997,
       2412834.203
      ],
      [
       765685.0636000008,
       2412860.6510000015
      ],
      [
       765471.5459000012,
       2412948.7075999985
      ],
      [
       765142.642099999,
       2413164.5642000004
      ],
      [
       765130.6075000004,
       2413165.790500001
      ],
      [
       765055.0516999994,
       2413173.489100001
      ],
      [
       764772.6163000008,
       2413202.267300001
      ],
      [
       764591.0300000013,
       2413229.6838000007
      ],
      [
       764385.4601999992,
       2413253.675399999
      ],
      [
       764363.9999999994,
       2413255.5778000006
      ],
      [
       763844.1258000005,
       2413301.6643000008
      ],
      [
       763736.9022999998,
       2413318.9532999992
      ],
      [
       763747.1297000012,
       2413532.9473
      ],
      [
       763762.0517999995,
       2413845.1699000006
      ],
      [
       763761.2800999994,
       2413845.289200001
      ],
      [
       763763.1664000015,
       2413868.4907000014
      ],
      [
       763763.2932999994,
       2413870.051999999
      ],
      [
       763763.2413000005,
       2413870.0582000003
      ],
      [
       763739.0425999997,
       2413872.9630000005
      ],
      [
       763591.9851999994,
       2413890.616
      ],
      [
       763320.0281000003,
       2413849.400800002
      ],
      [
       763241.7385999991,
       2413837.5360000012
      ],
      [
       763228.1224,
       2413835.472500001
      ],
      [
       763073.9459999995,
       2413873.1660999986
      ],
      [
       762685.7926000011,
       2413737.6444999995
      ],
      [
       762426.4734999998,
       2413647.1046999986
      ],
      [
       762426.3876999997,
       2413647.0748000005
      ],
      [
       762420.5857999985,
       2413660.6587
      ],
      [
       762413.5641000009,
       2413677.0987
      ],
      [
       762386.5015999993,
       2413740.46
      ],
      [
       762341.8949999999,
       2413844.897299999
      ],
      [
       762338.0687999986,
       2413853.8554999996
      ],
      [
       762228.0631999988,
       2414111.411399999
      ],
      [
       762149.2469999994,
       2414295.9434999996
      ],
      [
       762082.215699999,
       2414452.8278000006
      ],
      [
       762082.2392000004,
       2414452.8285999997
      ],
      [
       762082.2244000006,
       2414452.8632
      ],
      [
       762137.8300999994,
       2414454.808499999
      ],
      [
       762405.2404000005,
       2414464.1634999993
      ],
      [
       762392.7525999999,
       2414493.530700001
      ],
      [
       762394.9049000007,
       2414493.656500001
      ],
      [
       762387.3035999993,
       2414507.3007999985
      ],
      [
       762385.586599999,
       2414510.382899999
      ],
      [
       762350.3479000009,
       2414593.2526999987
      ],
      [
       762322.8600000012,
       2414622.9772
      ],
      [
       762261.2945999998,
       2414733.486899999
      ],
      [
       762122.0451999995,
       2414894.8988000015
      ],
      [
       762110.5505999996,
       2414908.222899999
      ],
      [
       761980.3542999991,
       2414877.394200001
      ],
      [
       761906.7161999998,
       2415111.6289
      ],
      [
       761906.7416000001,
       2415111.6453
      ],
      [
       761906.7201000006,
       2415111.713700001
      ],
      [
       761957.2608999994,
       2415144.1799
      ],
      [
       761952.6909000006,
       2415161.456900001
      ],
      [
       762009.8327999996,
       2415214.445800001
      ],
      [
       762045.9135000001,
       2415225.804
      ],
      [
       762076.5383999995,
       2415276.3034
      ],
      [
       762137.4067000011,
       2415332.8604000006
      ],
      [
       762207.0425000011,
       2415397.5638999995
      ],
      [
       762196.5259999991,
       2415404.9114999995
      ],
      [
       761957.9948999998,
       2415571.566799999
      ],
      [
       761452.9383999996,
       2415559.2969000014
      ],
      [
       761362.4535,
       2415556.980900001
      ],
      [
       761288.9818000004,
       2415555.1004000003
      ],
      [
       760685.9814999993,
       2415716.1523999996
      ],
      [
       760371.0979000003,
       2415734.7767999996
      ],
      [
       760370.8057000003,
       2415735.0765999993
      ],
      [
       760368.7326000009,
       2415735.2011
      ],
      [
       760369.6235000005,
       2415736.2897999994
      ],
      [
       760959.271800982,
       2416456.852825738
      ]
     ]
    ]
   },
   "properties": {
    "id": "cerro-del-muerto",
    "nombre": "ANP Cerro del Muerto",
    "municipios": "Aguascalientes, Jesús María",
    "hectareas": 5862.06,
    "cat_manejo": "",
    "cat_decreto": "",
    "id_anp_oficial": "",
    "prim_dec": "",
    "ult_dof": ""
   }
  },
  {
   "type": "Feature",
   "geometry": {
    "type": "Polygon",
    "coordinates": [
     [
      [
       785005.813,
       2398877.319900001
      ],
      [
       784931.0953999994,
       2398888.418
      ],
      [
       784688.3799999999,
       2398924.469599999
      ],
      [
       783623.1671000011,
       2399082.6906
      ],
      [
       783598.9599000006,
       2399086.2861999995
      ],
      [
       783573.272099999,
       2399090.1017000014
      ],
      [
       783312.3409,
       2399128.859099998
      ],
      [
       783181.4447999996,
       2399148.301699999
      ],
      [
       782379.1519999994,
       2399267.469900002
      ],
      [
       782449.6281000006,
       2400072.4592999998
      ],
      [
       782454.8929000008,
       2400132.5942
      ],
      [
       782489.5348000004,
       2400528.2798999995
      ],
      [
       782512.6460000006,
       2400792.259900001
      ],
      [
       781760.5209999995,
       2400039.8598999986
      ],
      [
       781550.4910000007,
       2400119.369899999
      ],
      [
       781570.8199,
       2400180.6670999997
      ],
      [
       781591.5249000005,
       2400310.0726999985
      ],
      [
       781577.8650000001,
       2400513.619899999
      ],
      [
       781582.8761999999,
       2400545.7136999993
      ],
      [
       781585.6205000005,
       2400563.2893
      ],
      [
       781591.9350000005,
       2400603.7299
      ],
      [
       781610.755499999,
       2400626.1262999987
      ],
      [
       781823.0110000008,
       2400878.7098999987
      ],
      [
       781836.2679000003,
       2400927.403000002
      ],
      [
       781875.489499999,
       2401071.4647000004
      ],
      [
       781886.5389999993,
       2401112.0499000004
      ],
      [
       781967.0490000005,
       2401185.9799000015
      ],
      [
       782075.9299999994,
       2401346.9998999992
      ],
      [
       782122.2585999997,
       2401476.736800001
      ],
      [
       782129.1980000007,
       2401496.169900001
      ],
      [
       782128.8310999993,
       2401516.172
      ],
      [
       782127.0839999989,
       2401611.4316000016
      ],
      [
       782126.4928000002,
       2401643.6652000006
      ],
      [
       782126.3550000011,
       2401651.179900001
      ],
      [
       782135.1244000006,
       2401650.239800001
      ],
      [
       782412.1139000003,
       2401620.547100001
      ],
      [
       782579.0679999988,
       2401602.6499000005
      ],
      [
       782750.5530000003,
       2401740.7799000004
      ],
      [
       782892.6268999992,
       2402014.7506999997
      ],
      [
       782914.2479999999,
       2402056.444100001
      ],
      [
       782922.9890000005,
       2402073.2999000014
      ],
      [
       782954.4393000002,
       2402079.4294
      ],
      [
       783041.9759999996,
       2402096.4899000013
      ],
      [
       783207.3342999992,
       2401863.5024999995
      ],
      [
       783401.5610000005,
       2401589.8399000005
      ],
      [
       783684.4516999996,
       2401431.3836000008
      ],
      [
       784153.1047999996,
       2401168.8756
      ],
      [
       784204.3349999997,
       2401140.1799000003
      ],
      [
       784174.3951999992,
       2400940.7553999997
      ],
      [
       784152.8203999989,
       2400797.0485999994
      ],
      [
       784137.3894999995,
       2400694.2658
      ],
      [
       784088.6618999995,
       2400369.698200001
      ],
      [
       784080.0264999995,
       2400312.1794000017
      ],
      [
       784076.6814999995,
       2400289.8986
      ],
      [
       784022.2378000006,
       2399927.2572000017
      ],
      [
       784014.7229999995,
       2399877.202199999
      ],
      [
       784004.7618999998,
       2399810.8529
      ],
      [
       783970.4399999998,
       2399582.2399000013
      ],
      [
       784395.5699000002,
       2399292.7958000004
      ],
      [
       784569.2562999994,
       2399174.5437
      ],
      [
       785005.813,
       2398877.319900001
      ]
     ]
    ]
   },
   "properties": {
    "id": "el-tecolote",
    "nombre": "ANP El Tecolote",
    "municipios": "Aguascalientes",
    "hectareas": 513.41,
    "cat_manejo": "",
    "cat_decreto": "",
    "id_anp_oficial": "",
    "prim_dec": "",
    "ult_dof": ""
   }
  },
  {
   "type": "Feature",
   "geometry": {
    "type": "Polygon",
    "coordinates": [
     [
      [
       783004.9707612834,
       2416456.852825738
      ],
      [
       782965.8776999996,
       2416582.521700001
      ],
      [
       783301.1345000005,
       2416655.0796000008
      ],
      [
       783569.7633000006,
       2416483.8224
      ],
      [
       783735.9576999998,
       2416371.1391999996
      ],
      [
       783856.3180999993,
       2416353.100500001
      ],
      [
       783801.3864999996,
       2415763.5753999995
      ],
      [
       783480.6136999999,
       2415108.975099999
      ],
      [
       783462.3387000011,
       2415071.6813999987
      ],
      [
       783438.7024999994,
       2415052.7197999996
      ],
      [
       783380.1156999993,
       2415042.6312000006
      ],
      [
       783369.5614999998,
       2415091.3038000003
      ],
      [
       783275.2638999991,
       2415070.8564
      ],
      [
       783249.8755,
       2415212.8873
      ],
      [
       783249.4691000009,
       2415212.7898999983
      ],
      [
       783248.5568999995,
       2415217.8092999994
      ],
      [
       783063.2068999993,
       2415168.155200001
      ],
      [
       782996.9513000009,
       2415238.856000001
      ],
      [
       783019.7166999996,
       2415357.7936000004
      ],
      [
       783087.9015000002,
       2415714.0248000007
      ],
      [
       783065.4833000014,
       2416055.904200001
      ],
      [
       783067.0133000002,
       2416227.4597999994
      ],
      [
       783040.0402999998,
       2416344.118
      ],
      [
       783004.9707612834,
       2416456.852825738
      ]
     ]
    ]
   },
   "properties": {
    "id": "cobos",
    "nombre": "ANP Cobos",
    "municipios": "Aguascalientes",
    "hectareas": 98.2,
    "cat_manejo": "",
    "cat_decreto": "",
    "id_anp_oficial": "",
    "prim_dec": "",
    "ult_dof": ""
   }
  },
  {
   "type": "Feature",
   "geometry": {
    "type": "Polygon",
    "coordinates": [
     [
      [
       780283.6167366711,
       2403272.201631435
      ],
      [
       780295.2100006316,
       2403290.279926315
      ],
      [
       780297.8900006305,
       2403308.9599263193
      ],
      [
       780299.5800006329,
       2403320.7699263156
      ],
      [
       780301.3300006328,
       2403339.2399263144
      ],
      [
       780303.2600006317,
       2403358.9999263193
      ],
      [
       780322.0300006319,
       2403401.4899263163
      ],
      [
       780334.0500006285,
       2403415.7099263174
      ],
      [
       780340.5800006298,
       2403423.4399263123
      ],
      [
       780411.7200006312,
       2403491.3399263094
      ],
      [
       780431.3000006313,
       2403510.029926314
      ],
      [
       780483.0200006319,
       2403567.849926314
      ],
      [
       780485.8000006317,
       2403570.959926312
      ],
      [
       780499.900000633,
       2403575.669926309
      ],
      [
       780564.5600006334,
       2403597.2799263108
      ],
      [
       780605.2900006337,
       2403603.8299263082
      ],
      [
       780625.5600006336,
       2403607.26992631
      ],
      [
       780634.3200006331,
       2403608.74992631
      ],
      [
       780651.0900006338,
       2403634.039926311
      ],
      [
       780670.590000631,
       2403664.2599263084
      ],
      [
       780685.0900006325,
       2403686.7099263105
      ],
      [
       780703.1100006356,
       2403714.389926307
      ],
      [
       780720.9100006339,
       2403741.8599263034
      ],
      [
       780737.4000006343,
       2403767.399926306
      ],
      [
       780754.4700006347,
       2403793.8099263026
      ],
      [
       780784.5700006324,
       2403781.459926305
      ],
      [
       780804.9000006327,
       2403773.1599263037
      ],
      [
       780857.3000006364,
       2403753.6399263083
      ],
      [
       780891.6900006335,
       2403735.3899263088
      ],
      [
       780904.2600006331,
       2403725.0399263045
      ],
      [
       781015.9200006338,
       2403917.419926305
      ],
      [
       781007.4400006338,
       2403944.749926302
      ],
      [
       780958.0000006327,
       2403971.729926298
      ],
      [
       780998.3200006344,
       2404071.469926301
      ],
      [
       781020.5500006358,
       2404112.7499262984
      ],
      [
       781050.4400006342,
       2404188.289926292
      ],
      [
       781050.4400006343,
       2404225.3299262933
      ],
      [
       781043.8600006335,
       2404241.0399262947
      ],
      [
       781087.5200006344,
       2404332.3199262926
      ],
      [
       781110.010000634,
       2404436.8399262885
      ],
      [
       781172.1900006374,
       2404616.7499262826
      ],
      [
       781206.9100006332,
       2404715.949926282
      ],
      [
       781235.760000633,
       2404715.839926282
      ],
      [
       781307.2700006341,
       2404704.1699262843
      ],
      [
       781322.130000635,
       2404700.72992628
      ],
      [
       781359.2500006349,
       2404692.2199262814
      ],
      [
       781408.560000635,
       2404675.609926281
      ],
      [
       781441.3000006343,
       2404660.9999262793
      ],
      [
       781452.6700006346,
       2404655.039926284
      ],
      [
       781467.8500006374,
       2404647.089926283
      ],
      [
       781483.4900006354,
       2404637.8199262833
      ],
      [
       781512.9000006352,
       2404617.229926288
      ],
      [
       781530.7200006372,
       2404603.009926281
      ],
      [
       781542.8200006355,
       2404592.339926283
      ],
      [
       781555.7000006353,
       2404579.559926284
      ],
      [
       781566.5600006357,
       2404567.759926287
      ],
      [
       781576.6600006351,
       2404555.649926284
      ],
      [
       781588.9600006349,
       2404539.9499262846
      ],
      [
       781604.1200006395,
       2404518.539926286
      ],
      [
       781638.1100006357,
       2404466.939926286
      ],
      [
       781678.500000634,
       2404393.2699262914
      ],
      [
       781686.820000638,
       2404374.709926291
      ],
      [
       781692.020000637,
       2404361.959926288
      ],
      [
       781697.440000637,
       2404344.949926287
      ],
      [
       781700.990000636,
       2404328.719926294
      ],
      [
       781691.0100006356,
       2404313.659926293
      ],
      [
       781696.0300006367,
       2404295.7699262905
      ],
      [
       781700.6200006368,
       2404271.4299262958
      ],
      [
       781696.7000006346,
       2404265.4599262937
      ],
      [
       781695.8900006379,
       2404262.1399262925
      ],
      [
       781700.130000635,
       2404248.4999262956
      ],
      [
       781701.3600006346,
       2404235.289926294
      ],
      [
       781698.240000637,
       2404222.6499262955
      ],
      [
       781697.090000636,
       2404216.7899262947
      ],
      [
       781686.3100006352,
       2404166.339926297
      ],
      [
       781681.280000635,
       2404143.299926297
      ],
      [
       781637.5400006364,
       2403959.1599263027
      ],
      [
       781620.010000634,
       2403884.3199263033
      ],
      [
       781612.6100006376,
       2403852.6099263015
      ],
      [
       781600.8800006348,
       2403797.8099263054
      ],
      [
       781587.1500006334,
       2403735.1899263076
      ],
      [
       781582.5300006337,
       2403714.2999263066
      ],
      [
       781579.8400006349,
       2403702.1599263074
      ],
      [
       781569.8000006372,
       2403656.80992631
      ],
      [
       781567.9800006353,
       2403649.0299263075
      ],
      [
       781557.0400006336,
       2403602.1399263125
      ],
      [
       781542.6900006341,
       2403544.0899263136
      ],
      [
       781519.0400006351,
       2403446.779926312
      ],
      [
       781510.850000634,
       2403411.3899263185
      ],
      [
       781494.9100006344,
       2403346.4499263195
      ],
      [
       781493.5700006376,
       2403342.809926319
      ],
      [
       781482.900000635,
       2403338.859926314
      ],
      [
       781478.9900006364,
       2403337.299926322
      ],
      [
       781475.3200006357,
       2403335.03992632
      ],
      [
       781474.4500006344,
       2403334.3799263174
      ],
      [
       781473.2100006352,
       2403333.4399263165
      ],
      [
       781469.800000635,
       2403330.1999263153
      ],
      [
       781466.8000006352,
       2403326.159926315
      ],
      [
       781464.0800006343,
       2403319.3299263166
      ],
      [
       781463.440000633,
       2403315.0799263166
      ],
      [
       781472.1900006336,
       2403257.56992632
      ],
      [
       781472.410000635,
       2403255.079926318
      ],
      [
       781472.4900006363,
       2403254.1499263193
      ],
      [
       781462.9600006349,
       2403214.329926318
      ],
      [
       781455.980000634,
       2403186.6899263193
      ],
      [
       781452.2900006345,
       2403172.0999263213
      ],
      [
       781440.3300006344,
       2403161.949926321
      ],
      [
       781439.110000636,
       2403158.7999263243
      ],
      [
       781437.7100006347,
       2403151.459926324
      ],
      [
       781445.1700006353,
       2403141.899926321
      ],
      [
       781442.550000633,
       2403130.8099263227
      ],
      [
       781428.890000633,
       2403073.019926325
      ],
      [
       781424.5300006357,
       2403054.5699263215
      ],
      [
       781397.9900006354,
       2402945.2899263264
      ],
      [
       781393.8300006352,
       2402928.0599263282
      ],
      [
       781377.5000006354,
       2402860.4199263286
      ],
      [
       781354.9000006341,
       2402767.4599263333
      ],
      [
       781348.7000006351,
       2402741.979926332
      ],
      [
       781347.7100006344,
       2402737.9199263323
      ],
      [
       781332.1700006338,
       2402674.0999263315
      ],
      [
       781322.6200006354,
       2402631.7099263384
      ],
      [
       781300.7500006361,
       2402541.779926338
      ],
      [
       781294.3900006345,
       2402515.659926337
      ],
      [
       781281.5200006347,
       2402461.3199263406
      ],
      [
       781268.5100006352,
       2402406.8199263397
      ],
      [
       781256.3000006351,
       2402357.629926343
      ],
      [
       781234.2900006352,
       2402264.9499263447
      ],
      [
       781210.6700006314,
       2402167.609926345
      ],
      [
       781190.0100006331,
       2402082.6499263486
      ],
      [
       781159.2700006312,
       2401954.839926351
      ],
      [
       781132.090000631,
       2401843.169926355
      ],
      [
       781111.8600006343,
       2401759.119926361
      ],
      [
       781094.3500006318,
       2401686.019926359
      ],
      [
       781081.5100006306,
       2401631.6199263656
      ],
      [
       781065.670000633,
       2401566.5399263613
      ],
      [
       781049.0800006338,
       2401500.0099263643
      ],
      [
       781036.7000006349,
       2401448.219926367
      ],
      [
       781019.8400006332,
       2401377.979926366
      ],
      [
       781003.8900006325,
       2401311.6499263695
      ],
      [
       780989.210000632,
       2401249.13992637
      ],
      [
       780977.7800006331,
       2401202.909926372
      ],
      [
       780972.230000633,
       2401180.0799263734
      ],
      [
       780963.6500006324,
       2401144.8199263723
      ],
      [
       780948.2700006322,
       2401082.0399263767
      ],
      [
       780882.0700006331,
       2401103.229926372
      ],
      [
       780858.6400006311,
       2401096.2499263757
      ],
      [
       780845.1200006313,
       2401097.469926374
      ],
      [
       780814.2800006326,
       2401113.2699263757
      ],
      [
       780793.6000006322,
       2401124.829926373
      ],
      [
       780760.0900006325,
       2401143.8899263777
      ],
      [
       780701.3800006326,
       2401174.5999263744
      ],
      [
       780675.6300006309,
       2401188.9699263712
      ],
      [
       780645.7300006341,
       2401200.419926375
      ],
      [
       780626.9300006283,
       2401206.8299263706
      ],
      [
       780586.4700006321,
       2401221.0199263743
      ],
      [
       780581.9700006347,
       2401222.59992637
      ],
      [
       780556.7000006316,
       2401233.199926368
      ],
      [
       780529.8700006336,
       2401245.1899263677
      ],
      [
       780522.9000006332,
       2401248.309926371
      ],
      [
       780506.1200006326,
       2401256.6299263677
      ],
      [
       780488.1200006325,
       2401261.4099263726
      ],
      [
       780475.9900006291,
       2401248.3199263713
      ],
      [
       780457.6500006325,
       2401268.139926371
      ],
      [
       780441.170000631,
       2401272.69992637
      ],
      [
       780377.5600006317,
       2401281.069926367
      ],
      [
       780362.7800006324,
       2401288.9799263673
      ],
      [
       780314.4700006325,
       2401304.9799263747
      ],
      [
       780290.2900006311,
       2401294.3099263683
      ],
      [
       780242.2800006318,
       2401299.619926372
      ],
      [
       780224.3500006322,
       2401302.1899263705
      ],
      [
       780197.2700006287,
       2401305.8299263692
      ],
      [
       780184.2200006298,
       2401307.7299263696
      ],
      [
       780163.2400006303,
       2401317.9899263685
      ],
      [
       780138.7000006309,
       2401316.7699263687
      ],
      [
       780118.8100006301,
       2401326.40992637
      ],
      [
       780115.580000631,
       2401326.2299263724
      ],
      [
       780090.4100006293,
       2401324.83992637
      ],
      [
       780068.560000631,
       2401358.8099263716
      ],
      [
       780039.2000006295,
       2401404.2399263694
      ],
      [
       780017.7800006301,
       2401437.3699263646
      ],
      [
       780000.8900006302,
       2401462.7199263643
      ],
      [
       779987.4600006295,
       2401483.8699263646
      ],
      [
       779967.5800006295,
       2401515.6899263626
      ],
      [
       779933.1700006288,
       2401573.3199263625
      ],
      [
       779928.14000063,
       2401581.7399263578
      ],
      [
       779924.9900006303,
       2401586.309926363
      ],
      [
       779925.0300006306,
       2401598.619926363
      ],
      [
       779925.5100006287,
       2401654.1499263616
      ],
      [
       779924.3500006285,
       2401680.8799263583
      ],
      [
       779924.7900006298,
       2401696.609926359
      ],
      [
       779947.5300006296,
       2401753.049926358
      ],
      [
       779955.9400006293,
       2401773.5399263557
      ],
      [
       779992.3800006319,
       2401862.279926356
      ],
      [
       779993.2400006289,
       2401867.659926358
      ],
      [
       779989.280000631,
       2401966.379926348
      ],
      [
       779988.7800006331,
       2401978.789926351
      ],
      [
       779986.0500006287,
       2402046.4699263508
      ],
      [
       779984.0300006298,
       2402100.329926349
      ],
      [
       779982.060000632,
       2402143.5599263473
      ],
      [
       779978.6500006301,
       2402229.239926344
      ],
      [
       779973.0500006295,
       2402328.169926344
      ],
      [
       779972.9400006325,
       2402444.6099263406
      ],
      [
       780002.0000006321,
       2402571.759926333
      ],
      [
       780008.8000006306,
       2402601.5099263364
      ],
      [
       780097.3900006295,
       2402839.8399263304
      ],
      [
       780253.3800006309,
       2403025.009926325
      ],
      [
       780260.7000006337,
       2403049.479926321
      ],
      [
       780262.5400006319,
       2403060.679926325
      ],
      [
       780261.7100006314,
       2403072.2999263234
      ],
      [
       780259.0500006293,
       2403088.8499263246
      ],
      [
       780255.8800006326,
       2403103.5999263236
      ],
      [
       780253.5900006316,
       2403113.899926324
      ],
      [
       780252.6100006322,
       2403118.699926321
      ],
      [
       780249.7200006323,
       2403128.139926319
      ],
      [
       780248.290000632,
       2403160.2099263235
      ],
      [
       780250.6800006311,
       2403185.6399263213
      ],
      [
       780256.1700006325,
       2403199.3699263227
      ],
      [
       780262.7700006316,
       2403218.0899263173
      ],
      [
       780280.3900006315,
       2403267.1699263155
      ],
      [
       780283.6167366711,
       2403272.201631435
      ]
     ]
    ]
   },
   "properties": {
    "id": "penuelas",
    "nombre": "ANP Peñuelas",
    "municipios": "",
    "hectareas": 347.85,
    "cat_manejo": "",
    "cat_decreto": "",
    "id_anp_oficial": "",
    "prim_dec": "",
    "ult_dof": ""
   }
  },
  {
   "type": "Feature",
   "geometry": {
    "type": "Polygon",
    "coordinates": [
     [
      [
       770288.2358000001,
       2440329.9705000008
      ],
      [
       770294.7664000007,
       2440346.9605000005
      ],
      [
       770325.2889,
       2440426.3677999997
      ],
      [
       770257.9563999994,
       2444325.8975000014
      ],
      [
       770177.8403000002,
       2448965.779400001
      ],
      [
       770173.2141999997,
       2449233.6976999994
      ],
      [
       770173.5063340724,
       2449233.5747736096
      ],
      [
       770325.3726169232,
       2440426.3876880384
      ],
      [
       770288.3481528116,
       2440329.9948903457
      ],
      [
       770288.2358000001,
       2440329.9705000008
      ]
     ]
    ]
   },
   "properties": {
    "id": "barranca-de-santiago",
    "nombre": "ANP Barranca de Santiago",
    "municipios": "Pabellón de Arteaga",
    "hectareas": 3203.24,
    "cat_manejo": "APRN",
    "cat_decreto": "Área de Protección de los Recursos Naturales Zona Protectora Forestal",
    "id_anp_oficial": "5.6.02.149",
    "prim_dec": "1949-08-03",
    "ult_dof": "2002-11-07"
   }
  },
  {
   "type": "Feature",
   "geometry": {
    "type": "Polygon",
    "coordinates": [
     [
      [
       817178.8710970486,
       2427444.0621543233
      ],
      [
       817128.2850000004,
       2427661.1838999996
      ],
      [
       817094.7508999999,
       2427730.2805
      ],
      [
       816691.1983,
       2428561.7946
      ],
      [
       816464.751600001,
       2429028.3846
      ],
      [
       816427.7546999994,
       2429077.6699
      ],
      [
       816328.6060999995,
       2429209.7502
      ],
      [
       816272.1407999997,
       2429284.9702000003
      ],
      [
       816435.4598999999,
       2429573.641699999
      ],
      [
       816598.8902000004,
       2430006.0474
      ],
      [
       816601.1622000011,
       2430012.0587
      ],
      [
       816525.159799999,
       2430240.2811000003
      ],
      [
       816559.5427000003,
       2430335.762299999
      ],
      [
       816585.8093000001,
       2430385.142
      ],
      [
       816677.5201999996,
       2430473.3918
      ],
      [
       816820.9295999996,
       2430604.2808000008
      ],
      [
       816840.4807000004,
       2430619.4131000014
      ],
      [
       816873.6154000001,
       2430645.058900001
      ],
      [
       817432.8887999996,
       2430884.2909
      ],
      [
       818298.3069000004,
       2430859.205600002
      ],
      [
       818325.724399999,
       2430943.2652999996
      ],
      [
       818264.2684000001,
       2431503.7754
      ],
      [
       818310.8311000012,
       2431796.5204000003
      ],
      [
       818387.1331999999,
       2431913.6509999996
      ],
      [
       818499.5289000002,
       2431908.989600001
      ],
      [
       818578.7614999996,
       2431978.3916999996
      ],
      [
       818613.8098999992,
       2431990.5757999998
      ],
      [
       818697.4965000008,
       2432062.559100001
      ],
      [
       818803.5801000004,
       2432199.8531
      ],
      [
       818771.1613999986,
       2432237.6505
      ],
      [
       818683.4288000008,
       2432378.8795999996
      ],
      [
       818583.8554999987,
       2432301.831700002
      ],
      [
       818519.6246999996,
       2432280.679
      ],
      [
       818348.7021999994,
       2432226.4268999994
      ],
      [
       818298.4482000007,
       2432210.326199999
      ],
      [
       818278.039099999,
       2432201.6342999996
      ],
      [
       818268.8224999993,
       2432196.3666
      ],
      [
       818259.1962000012,
       2432190.7095
      ],
      [
       818243.0776000016,
       2432178.755499999
      ],
      [
       818227.5461,
       2432164.1561000003
      ],
      [
       818217.6648999997,
       2432152.5780999996
      ],
      [
       818212.6940000008,
       2432146.3861999996
      ],
      [
       818194.4718000002,
       2432121.7037999993
      ],
      [
       818153.3384000002,
       2432065.960499999
      ],
      [
       818099.9502999996,
       2431993.6237
      ],
      [
       818051.4842000004,
       2431927.9598999997
      ],
      [
       818003.5277000015,
       2431862.988000001
      ],
      [
       817954.5028999987,
       2431796.5561
      ],
      [
       817908.2551000001,
       2431733.8964
      ],
      [
       817859.8925000007,
       2431668.3641000004
      ],
      [
       817810.9133999989,
       2431602.0050000004
      ],
      [
       817795.9141999999,
       2431581.6741000013
      ],
      [
       817782.0620999999,
       2431564.0228000004
      ],
      [
       817773.5797000004,
       2431553.8318000017
      ],
      [
       817762.7315999996,
       2431541.7946000015
      ],
      [
       817747.4153999995,
       2431526.0825
      ],
      [
       817732.9294999994,
       2431512.5804999997
      ],
      [
       817716.4094000004,
       2431498.3307
      ],
      [
       817702.5703999989,
       2431487.5238
      ],
      [
       817696.6574999993,
       2431483.616800002
      ],
      [
       817686.2123999994,
       2431476.7151000006
      ],
      [
       817678.8214999998,
       2431472.469100001
      ],
      [
       817651.461700001,
       2431457.5153
      ],
      [
       817631.3079999997,
       2431446.5707
      ],
      [
       817612.6424999994,
       2431437.0100999987
      ],
      [
       817598.4783000002,
       2431430.373400002
      ],
      [
       817550.4155999993,
       2431412.7178000007
      ],
      [
       817509.1528000012,
       2431400.1813000003
      ],
      [
       817500.841499999,
       2431397.6560999984
      ],
      [
       817485.8289999996,
       2431393.095000001
      ],
      [
       817406.7829000009,
       2431368.8157999995
      ],
      [
       817385.8797000014,
       2431360.6600000006
      ],
      [
       817370.2613,
       2431354.0517
      ],
      [
       817296.6789999995,
       2431322.9185
      ],
      [
       817278.6879999998,
       2431314.9425000004
      ],
      [
       817269.2035000004,
       2431309.2898999983
      ],
      [
       817261.2170000009,
       2431304.732999998
      ],
      [
       817255.1865999986,
       2431300.105200001
      ],
      [
       817243.8224999988,
       2431291.1003
      ],
      [
       817229.9625999995,
       2431277.051300001
      ],
      [
       817212.0846000001,
       2431255.353499999
      ],
      [
       817195.5260000002,
       2431235.181000001
      ],
      [
       817146.2570999998,
       2431267.686499999
      ],
      [
       816834.8525,
       2431473.1377999997
      ],
      [
       816553.8220000002,
       2431676.2255
      ],
      [
       816233.7584000002,
       2432000.5999999996
      ],
      [
       818248.2991,
       2433704.075099998
      ],
      [
       818250.1059,
       2433705.602800001
      ],
      [
       818853.2164999992,
       2433083.865099999
      ],
      [
       819359.2218000008,
       2432565.0678000003
      ],
      [
       819362.8363000007,
       2432561.3619999993
      ],
      [
       820423.4363999995,
       2431473.9495
      ],
      [
       820420.9333999997,
       2431467.6851000004
      ],
      [
       820420.6327000001,
       2431466.9323999994
      ],
      [
       821068.0927000004,
       2430797.6132
      ],
      [
       821202.8243999995,
       2430658.332800002
      ],
      [
       821586.0738000011,
       2429150.952199999
      ],
      [
       821717.0093000002,
       2428635.9624000005
      ],
      [
       821716.8344999994,
       2428635.6955999983
      ],
      [
       822126.9890999995,
       2427018.528000001
      ],
      [
       822287.9582000006,
       2426383.855199999
      ],
      [
       822345.0158999996,
       2426158.886800001
      ],
      [
       822227.536600001,
       2426113.5632
      ],
      [
       822227.4979999991,
       2426113.4141
      ],
      [
       821378.8989000015,
       2425786.053999999
      ],
      [
       821378.8705999992,
       2425786.1476000007
      ],
      [
       821059.1083000004,
       2426757.3590999986
      ],
      [
       821098.3063000012,
       2426882.003799999
      ],
      [
       821153.4112000002,
       2426923.451400001
      ],
      [
       821161.7232999993,
       2427058.855399999
      ],
      [
       821159.3421000002,
       2427170.4739
      ],
      [
       820528.1455999998,
       2427368.3557999996
      ],
      [
       820428.8032999989,
       2427502.594799999
      ],
      [
       820632.0706000007,
       2427781.8046000013
      ],
      [
       820357.3476000004,
       2427665.9510999983
      ],
      [
       820218.4203999994,
       2427788.6300999997
      ],
      [
       820164.9164000007,
       2427672.4300999995
      ],
      [
       820062.7015000008,
       2427624.3875999986
      ],
      [
       820095.8311000011,
       2427519.5870000003
      ],
      [
       819948.5596999989,
       2427471.1077999985
      ],
      [
       819871.5129999993,
       2427445.745400001
      ],
      [
       819863.9695999998,
       2427459.4629
      ],
      [
       819841.3874999993,
       2427386.667899999
      ],
      [
       819838.1956000008,
       2427376.3786999993
      ],
      [
       819779.8116000006,
       2427256.9857999994
      ],
      [
       819756.918799999,
       2427133.7262
      ],
      [
       819745.9175000002,
       2427074.4932000013
      ],
      [
       819605.4700999993,
       2427005.9381000013
      ],
      [
       819566.1028999999,
       2427014.406400001
      ],
      [
       819389.6572999994,
       2427092.7791999998
      ],
      [
       819315.5220999992,
       2427125.7081999998
      ],
      [
       819174.2933000001,
       2427077.1411000015
      ],
      [
       818733.3898000004,
       2426973.3183999993
      ],
      [
       818726.8238999995,
       2426943.5019000014
      ],
      [
       818702.3988999996,
       2426832.5851999996
      ],
      [
       818674.6537000006,
       2426707.2533
      ],
      [
       818667.2418999987,
       2426673.772600001
      ],
      [
       818598.7438999992,
       2426516.1104000006
      ],
      [
       818555.8986000007,
       2426417.4932999997
      ],
      [
       818480.3304000014,
       2426446.437
      ],
      [
       818443.3754999998,
       2426470.0132999998
      ],
      [
       818263.0491,
       2426615.030899999
      ],
      [
       817926.1297000014,
       2426890.2580999993
      ],
      [
       817768.8939000003,
       2426864.4632
      ],
      [
       817752.2010999991,
       2426861.724699999
      ],
      [
       817599.7435999999,
       2426836.7136
      ],
      [
       817477.1418000002,
       2426848.888
      ],
      [
       817350.4061000013,
       2426928.0415999996
      ],
      [
       817281.9062999994,
       2427001.8224
      ],
      [
       817178.8710970486,
       2427444.0621543233
      ]
     ]
    ]
   },
   "properties": {
    "id": "serrania-de-juan-grande",
    "nombre": "Serranía de Juan Grande",
    "municipios": "El Llano",
    "hectareas": 2590.9,
    "cat_manejo": "",
    "cat_decreto": "",
    "id_anp_oficial": "",
    "prim_dec": "",
    "ult_dof": ""
   }
  },
  {
   "type": "Feature",
   "geometry": {
    "type": "Polygon",
    "coordinates": [
     [
      [
       785458.790000001,
       2414238.2599999993
      ],
      [
       785249.6499999996,
       2414324.150000001
      ],
      [
       785192.23,
       2414347.8599999994
      ],
      [
       784468.3300000008,
       2414646.740000001
      ],
      [
       784455.9500000002,
       2414396.4099999997
      ],
      [
       784420.5000000002,
       2414391.499999999
      ],
      [
       784393.4999999992,
       2414407.500000001
      ],
      [
       784352.4999999993,
       2414427.499999999
      ],
      [
       784309.5000000012,
       2414450.499999999
      ],
      [
       784241.5000000002,
       2414485.4999999995
      ],
      [
       784216.4999999997,
       2414515.4100000006
      ],
      [
       784200.5000000002,
       2414533.5
      ],
      [
       784177.5000000002,
       2414559.4999999995
      ],
      [
       784157.4999999999,
       2414587.5
      ],
      [
       784141.5000000005,
       2414603.499999999
      ],
      [
       784104.4999999993,
       2414647.500000001
      ],
      [
       784063.43,
       2414605.759999999
      ],
      [
       783995.0,
       2414536.2
      ],
      [
       783977.2900000006,
       2414546.7799999993
      ],
      [
       783883.9000000003,
       2414602.539999998
      ],
      [
       783883.8499999989,
       2414602.5699999994
      ],
      [
       783855.5000000001,
       2414619.500000001
      ],
      [
       783850.5,
       2414636.4999999995
      ],
      [
       783847.5000000003,
       2414646.4999999995
      ],
      [
       783847.5000000003,
       2414653.5000000005
      ],
      [
       783844.5000000007,
       2414663.5000000005
      ],
      [
       783837.5000000001,
       2414700.4999999995
      ],
      [
       783832.5,
       2414716.500000001
      ],
      [
       783833.4999999992,
       2414729.500000001
      ],
      [
       783827.5,
       2414760.5000000005
      ],
      [
       783819.5000000002,
       2414798.500000001
      ],
      [
       783818.4999999988,
       2414811.500000001
      ],
      [
       783815.9399999996,
       2414815.800000001
      ],
      [
       783783.5018999992,
       2414825.425
      ],
      [
       783807.9113999992,
       2414856.427600001
      ],
      [
       783833.7002999989,
       2414889.182100001
      ],
      [
       783838.090099999,
       2414897.6878999984
      ],
      [
       783852.8497000006,
       2414926.2865999984
      ],
      [
       783854.2500000006,
       2414928.999900001
      ],
      [
       783844.3919,
       2414933.0505999993
      ],
      [
       783849.8110999991,
       2414954.09
      ],
      [
       783850.4895000005,
       2414956.7236999995
      ],
      [
       783851.6868999995,
       2414980.6707000006
      ],
      [
       783851.8262999989,
       2414983.4574999996
      ],
      [
       783852.0472000001,
       2414987.8772
      ],
      [
       783852.2761000006,
       2414992.4538
      ],
      [
       783852.3792000008,
       2414994.5165999993
      ],
      [
       783860.0753000001,
       2415033.7937000007
      ],
      [
       783866.8420000011,
       2415068.3272999995
      ],
      [
       783885.8919999994,
       2415130.6367999995
      ],
      [
       783920.8170999989,
       2415175.483699999
      ],
      [
       783974.5685000011,
       2415223.705
      ],
      [
       784038.4968999992,
       2415270.2068999996
      ],
      [
       784212.8389000009,
       2415333.2672000015
      ],
      [
       784343.093,
       2415464.4093000004
      ],
      [
       784419.8566999994,
       2415552.7665999993
      ],
      [
       784495.2834000008,
       2415629.7156999996
      ],
      [
       784575.7256,
       2415671.0577000016
      ],
      [
       784580.4124999999,
       2415674.524700002
      ],
      [
       784584.2571999996,
       2415675.4274000004
      ],
      [
       784585.8487000004,
       2415676.2352
      ],
      [
       784606.2084999987,
       2415677.007899999
      ],
      [
       784609.8421999997,
       2415677.2888999996
      ],
      [
       784613.6598000003,
       2415678.516200001
      ],
      [
       784620.3801999989,
       2415681.9214999997
      ],
      [
       784628.8824999997,
       2415688.2565000006
      ],
      [
       784634.5975000012,
       2415691.5633
      ],
      [
       784642.9919999999,
       2415694.4607
      ],
      [
       784649.1970999996,
       2415695.9124
      ],
      [
       784655.7181999994,
       2415697.0044999993
      ],
      [
       784658.6957999996,
       2415697.133199999
      ],
      [
       784661.3487999991,
       2415696.7796000005
      ],
      [
       784665.3461999989,
       2415695.5344
      ],
      [
       784672.8027000008,
       2415692.1706000003
      ],
      [
       784678.2044,
       2415689.6596000013
      ],
      [
       784681.8980000004,
       2415687.2021999997
      ],
      [
       784684.0787,
       2415683.1121000005
      ],
      [
       784691.500300001,
       2415677.833699999
      ],
      [
       784701.6732000009,
       2415671.9045
      ],
      [
       784704.0644999999,
       2415670.7162
      ],
      [
       784706.7403000004,
       2415669.6977000004
      ],
      [
       784711.5708999999,
       2415668.2327
      ],
      [
       784714.7154000005,
       2415667.306800001
      ],
      [
       784719.3185999988,
       2415666.387599999
      ],
      [
       784722.0994000006,
       2415666.0068
      ],
      [
       784727.3779000008,
       2415670.2931000004
      ],
      [
       784736.5087999994,
       2415677.7889
      ],
      [
       784766.556300001,
       2415694.2123000002
      ],
      [
       784781.9483,
       2415697.7965
      ],
      [
       784783.9278,
       2415698.8024
      ],
      [
       784786.274199999,
       2415699.6618999997
      ],
      [
       784788.3044999994,
       2415700.2261
      ],
      [
       784792.0685999994,
       2415700.852499998
      ],
      [
       784795.4818000009,
       2415700.9318999997
      ],
      [
       784807.7054999995,
       2415703.9481000016
      ],
      [
       784808.7284999995,
       2415706.0977000003
      ],
      [
       784810.2241000002,
       2415707.748500001
      ],
      [
       784811.5674999994,
       2415708.527399999
      ],
      [
       784812.0682000003,
       2415708.7594000013
      ],
      [
       784821.4831000001,
       2415711.8997000004
      ],
      [
       784825.0887000008,
       2415712.6397
      ],
      [
       784837.8648000008,
       2415714.2939999998
      ],
      [
       784845.6447000004,
       2415715.0870999987
      ],
      [
       784851.7191000002,
       2415715.3385000015
      ],
      [
       784853.7827999999,
       2415715.3385000015
      ],
      [
       784860.8472,
       2415716.449699999
      ],
      [
       784863.5454,
       2415716.8134
      ],
      [
       784865.0143999998,
       2415716.7672000006
      ],
      [
       784867.2754000005,
       2415716.678
      ],
      [
       784870.292799999,
       2415716.2909999997
      ],
      [
       784873.7060000004,
       2415715.8543999996
      ],
      [
       784877.0414000009,
       2415715.564099998
      ],
      [
       784880.4904999998,
       2415715.4893999994
      ],
      [
       784882.4301000005,
       2415715.6508000004
      ],
      [
       784885.7724000004,
       2415716.3236
      ],
      [
       784890.0190000013,
       2415716.8750000005
      ],
      [
       784891.4091000004,
       2415716.744599999
      ],
      [
       784894.3856000007,
       2415716.1805
      ],
      [
       784895.5979000005,
       2415715.5540000005
      ],
      [
       784896.681800001,
       2415714.8173
      ],
      [
       784898.3812999992,
       2415713.734899999
      ],
      [
       784900.7490000002,
       2415712.230599999
      ],
      [
       784904.5828999998,
       2415710.1791
      ],
      [
       784906.4778999991,
       2415709.2419
      ],
      [
       784911.3020999997,
       2415707.2531000013
      ],
      [
       784931.2132999994,
       2415707.2025000006
      ],
      [
       784957.4938999999,
       2415707.054999999
      ],
      [
       784981.2647,
       2415714.1296999985
      ],
      [
       785017.4833999993,
       2415724.9390000002
      ],
      [
       785048.6067000013,
       2415740.6242
      ],
      [
       785072.1785000013,
       2415752.535700001
      ],
      [
       785074.8306999996,
       2415755.8710000003
      ],
      [
       785077.1085,
       2415758.0378
      ],
      [
       785078.9767000007,
       2415759.3817
      ],
      [
       785081.152999999,
       2415760.5029
      ],
      [
       785083.0579999995,
       2415761.0982000018
      ],
      [
       785085.2353999998,
       2415761.3718
      ],
      [
       785087.6175999998,
       2415761.759099999
      ],
      [
       785090.7172999992,
       2415762.3308
      ],
      [
       785091.8700999991,
       2415762.4296
      ],
      [
       785099.9184999999,
       2415766.5245
      ],
      [
       785123.1423999998,
       2415771.8535999986
      ],
      [
       785125.4885000004,
       2415773.2752000005
      ],
      [
       785128.2386999994,
       2415775.0839000014
      ],
      [
       785130.436900001,
       2415776.470699999
      ],
      [
       785132.9439999992,
       2415777.967800001
      ],
      [
       785134.2485000001,
       2415778.6909000003
      ],
      [
       785135.698099999,
       2415779.528899999
      ],
      [
       785137.2576000008,
       2415780.299900001
      ],
      [
       785139.4532999999,
       2415781.2216000007
      ],
      [
       785141.4780999991,
       2415782.0533000017
      ],
      [
       785142.899700001,
       2415782.866299999
      ],
      [
       785150.4139000005,
       2415785.6264999993
      ],
      [
       785164.7053999994,
       2415790.8761000005
      ],
      [
       785165.6827999994,
       2415791.2018999998
      ],
      [
       785173.5060000008,
       2415793.126100001
      ],
      [
       785177.712799999,
       2415793.9992
      ],
      [
       785185.6939999994,
       2415795.7678
      ],
      [
       785188.4271999991,
       2415796.4247
      ],
      [
       785192.4396999993,
       2415797.6012999997
      ],
      [
       785197.5470000012,
       2415798.9968999997
      ],
      [
       785200.2157000004,
       2415799.3967
      ],
      [
       785220.4374999999,
       2415809.4998999992
      ],
      [
       785246.0046999994,
       2415821.683499999
      ],
      [
       785271.7253999999,
       2415833.9404000016
      ],
      [
       785274.907700001,
       2415837.258699999
      ],
      [
       785277.5668000008,
       2415840.6717999997
      ],
      [
       785279.2119000008,
       2415842.481200001
      ],
      [
       785281.442099999,
       2415844.6111000003
      ],
      [
       785284.7899000001,
       2415847.1409000005
      ],
      [
       785289.0713999998,
       2415848.9432000006
      ],
      [
       785292.648099999,
       2415849.8397
      ],
      [
       785295.3027000009,
       2415850.4617999997
      ],
      [
       785301.7364999992,
       2415851.3081000005
      ],
      [
       785304.0760999998,
       2415851.6230999995
      ],
      [
       785314.9516000006,
       2415851.9617999997
      ],
      [
       785324.1996999988,
       2415851.1096999994
      ],
      [
       785329.4766999998,
       2415850.8091000007
      ],
      [
       785334.5168999998,
       2415850.3352000006
      ],
      [
       785337.4950000005,
       2415850.220299999
      ],
      [
       785341.4228000004,
       2415850.3040999994
      ],
      [
       785359.3673,
       2415854.5440999996
      ],
      [
       785397.5820000003,
       2415863.6906000013
      ],
      [
       785404.0510999989,
       2415865.5955999997
      ],
      [
       785409.3628000009,
       2415867.3239999996
      ],
      [
       785413.9814999993,
       2415868.503699999
      ],
      [
       785417.6639,
       2415869.6437999997
      ],
      [
       785421.4819999989,
       2415870.5227999995
      ],
      [
       785424.9263000013,
       2415871.3914999994
      ],
      [
       785428.1437999997,
       2415872.2129
      ],
      [
       785439.7741999989,
       2415874.6971000005
      ],
      [
       785442.4342999997,
       2415875.1744999997
      ],
      [
       785446.6359,
       2415875.9541
      ],
      [
       785449.4945999992,
       2415876.702299999
      ],
      [
       785455.6120000001,
       2415877.9820000012
      ],
      [
       785462.2399999999,
       2415879.453500001
      ],
      [
       785469.0990000009,
       2415880.9546999997
      ],
      [
       785474.1746,
       2415882.3242000015
      ],
      [
       785476.2106999999,
       2415882.7753999997
      ],
      [
       785480.1719000015,
       2415883.2963000005
      ],
      [
       785482.770100001,
       2415883.867499999
      ],
      [
       785482.8637000005,
       2415883.8881000006
      ],
      [
       785485.3499999994,
       2415875.5000000005
      ],
      [
       785490.8200000011,
       2415871.41
      ],
      [
       785529.5000000009,
       2415842.5000000005
      ],
      [
       785522.25,
       2415800.3400000003
      ],
      [
       785441.7099999997,
       2415332.4099999997
      ],
      [
       785503.1399999992,
       2415313.470000001
      ],
      [
       785656.8300000002,
       2415270.0700000003
      ],
      [
       785704.3500000002,
       2415012.3099999996
      ],
      [
       785458.1200000003,
       2415036.9800000014
      ],
      [
       785356.8199999998,
       2415045.1399999997
      ],
      [
       785440.1299999994,
       2414449.740000001
      ],
      [
       785458.790000001,
       2414238.2599999993
      ]
     ]
    ]
   },
   "properties": {
    "id": "cobos-parga",
    "nombre": "ANP Cobos-Parga",
    "municipios": "Aguascalientes",
    "hectareas": 183.16,
    "cat_manejo": "",
    "cat_decreto": "",
    "id_anp_oficial": "",
    "prim_dec": "",
    "ult_dof": ""
   }
  },
  {
   "type": "Feature",
   "geometry": {
    "type": "Polygon",
    "coordinates": [
     [
      [
       747952.3651676606,
       2453813.3645429285
      ],
      [
       747862.0333900992,
       2454039.160926312
      ],
      [
       747703.2726868647,
       2454264.0455631837
      ],
      [
       747491.5902642824,
       2454568.2988579297
      ],
      [
       747359.2870596227,
       2454779.9553767
      ],
      [
       747174.0715619555,
       2454925.465701232
      ],
      [
       747041.7650572183,
       2455229.7242647293
      ],
      [
       746909.4604166246,
       2455481.0684214435
      ],
      [
       746830.0765652141,
       2455705.9556424515
      ],
      [
       746591.9370778096,
       2455957.293311656
      ],
      [
       746327.3465202772,
       2456063.1125165992
      ],
      [
       746289.4784636879,
       2456063.1099906634
      ],
      [
       746115.6754767864,
       2456063.1028623185
      ],
      [
       746077.8074769427,
       2456063.100848694
      ],
      [
       745940.4957968224,
       2456052.5305377357
      ],
      [
       745905.8269384147,
       2456049.8628919334
      ],
      [
       745747.0708328873,
       2456182.1454846314
      ],
      [
       745561.855052106,
       2456314.4256984633
      ],
      [
       745389.8686730667,
       2456446.7068237625
      ],
      [
       745350.1755431548,
       2456552.537020818
      ],
      [
       745148.7128811041,
       2456678.4331642934
      ],
      [
       745138.5010496544,
       2456684.814543663
      ],
      [
       744966.5210788341,
       2456645.119280275
      ],
      [
       744807.778579562,
       2456473.136108139
      ],
      [
       744655.0295328578,
       2456440.397092634
      ],
      [
       744622.5697492239,
       2456433.441127559
      ],
      [
       744437.3493553489,
       2456671.551100177
      ],
      [
       744384.4209911961,
       2456922.8992325985
      ],
      [
       744331.497246587,
       2457068.415497811
      ],
      [
       744119.8176325436,
       2457306.5263293576
      ],
      [
       743981.1756100932,
       2457445.151077254
      ],
      [
       743974.2883200942,
       2457452.0377677153
      ],
      [
       743736.1657698335,
       2457399.1094859005
      ],
      [
       743590.6502624289,
       2457227.126219542
      ],
      [
       743537.7400682658,
       2457081.604530875
      ],
      [
       743511.2860316493,
       2456949.3149942495
      ],
      [
       743431.9150063891,
       2456856.7074658885
      ],
      [
       743260.896965343,
       2456722.326177899
      ],
      [
       743059.6769999859,
       2456817.0024180724
      ],
      [
       742914.1393800869,
       2457187.405725022
      ],
      [
       742808.2958495053,
       2457359.3775102505
      ],
      [
       742808.2825719384,
       2457676.8718664306
      ],
      [
       742821.5031284876,
       2457862.0764613175
      ],
      [
       742821.4964747577,
       2458007.5966283297
      ],
      [
       742764.0913240416,
       2458058.616747804
      ],
      [
       742734.139700003,
       2458175.8743000007
      ],
      [
       742686.4516999996,
       2458312.4612999978
      ],
      [
       742708.842999998,
       2458392.9204999995
      ],
      [
       742734.2763999995,
       2458472.3320000004
      ],
      [
       742766.0688,
       2458558.095800002
      ],
      [
       742781.6815000013,
       2458628.750000001
      ],
      [
       742790.093099999,
       2458742.3623999986
      ],
      [
       742818.5619999991,
       2458858.724800001
      ],
      [
       742852.2071000023,
       2459026.8026
      ],
      [
       742888.4401000005,
       2459197.467400002
      ],
      [
       742897.1620721887,
       2459212.3489001514
      ],
      [
       742900.8198317824,
       2459211.4348028204
      ],
      [
       743059.5671862271,
       2459290.8161765626
      ],
      [
       743363.8381063611,
       2459383.4340691674
      ],
      [
       743469.6650817574,
       2459542.1874710624
      ],
      [
       743588.7187489254,
       2459780.3134856443
      ],
      [
       743615.1674184822,
       2460005.206098774
      ],
      [
       743522.5551959436,
       2460177.179179234
      ],
      [
       743271.1878413918,
       2460388.829128839
      ],
      [
       743363.7826161869,
       2460640.185087318
      ],
      [
       743482.8391650087,
       2460812.1673702495
      ],
      [
       743588.6667444614,
       2460970.919516074
      ],
      [
       743654.8036020875,
       2461169.3557735384
      ],
      [
       743562.1861441734,
       2461447.1600623885
      ],
      [
       743376.9677873214,
       2461645.586177654
      ],
      [
       743416.6503042281,
       2461764.6485095993
      ],
      [
       743535.7059712857,
       2461963.088658899
      ],
      [
       743588.6182486829,
       2462068.9215861172
      ],
      [
       743707.6744824126,
       2462240.9055685685
      ],
      [
       743858.3046179694,
       2462341.3337500007
      ],
      [
       743974.073849721,
       2462320.2915300624
      ],
      [
       743993.8332633039,
       2462323.586019596
      ],
      [
       744011.9441809957,
       2462320.293695458
      ],
      [
       744170.6942283076,
       2462346.7585637877
      ],
      [
       744488.1907277997,
       2462518.7525232467
      ],
      [
       744541.0980406455,
       2462743.6471528756
      ],
      [
       744594.0098105655,
       2462889.1675463156
      ],
      [
       744686.6076453989,
       2463061.1471795877
      ],
      [
       744818.8954595136,
       2463140.5273858784
      ],
      [
       745058.8420910612,
       2463140.5397285908
      ],
      [
       745310.1925505641,
       2463286.071587524
      ],
      [
       745548.3134890704,
       2463471.2878778055
      ],
      [
       745548.3067262539,
       2463630.036619118
      ],
      [
       745707.046578993,
       2463854.9369345168
      ],
      [
       745733.4957087357,
       2464093.0596508104
      ],
      [
       745905.4722441895,
       2464212.127250036
      ],
      [
       746090.6789933669,
       2464291.510480256
      ],
      [
       746222.9636093478,
       2464489.951439956
      ],
      [
       746143.5762949011,
       2464741.298754802
      ],
      [
       746209.7161998157,
       2464926.5077791074
      ],
      [
       746474.294565304,
       2465111.7259273515
      ],
      [
       746474.2852057881,
       2465349.846678228
      ],
      [
       746487.5052253493,
       2465548.2811968713
      ],
      [
       746500.726206582,
       2465746.717595777
      ],
      [
       746426.8844616221,
       2465918.9894477143
      ],
      [
       746326.9215027075,
       2465878.998294265
      ],
      [
       746289.0508533944,
       2465878.9966337746
      ],
      [
       746102.0218103251,
       2465878.9875594196
      ],
      [
       746064.1528669072,
       2465878.986471711
      ],
      [
       745826.0194101024,
       2466011.2649001367
      ],
      [
       745612.5318077999,
       2466011.253841024
      ],
      [
       745414.0876461827,
       2466117.0764071424
      ],
      [
       745175.9549800972,
       2466222.8965042783
      ],
      [
       745056.8823825894,
       2466421.323774619
      ],
      [
       744995.5518110056,
       2466513.309850601
      ],
      [
       744924.5802489985,
       2466619.753822617
      ],
      [
       744831.9661314465,
       2466844.6416667798
      ],
      [
       744918.7812011539,
       2467029.1405918845
      ],
      [
       746030.1347000005,
       2467038.9626999996
      ],
      [
       746131.0144000014,
       2467039.844999999
      ],
      [
       746231.8939000006,
       2467040.7273000004
      ],
      [
       746332.7736999998,
       2467041.6096999976
      ],
      [
       746837.1734000007,
       2467046.0206999993
      ],
      [
       746938.0535999995,
       2467046.9029
      ],
      [
       747341.5748000001,
       2467050.4310000017
      ],
      [
       747442.4552000009,
       2467051.3128999975
      ],
      [
       747845.9776000008,
       2467054.8403999973
      ],
      [
       752083.023499999,
       2467091.8456999995
      ],
      [
       752183.9067999992,
       2467092.726099997
      ],
      [
       752288.3076000008,
       2467093.5190500016
      ],
      [
       752392.7082999982,
       2467094.311999999
      ],
      [
       752451.6531999996,
       2467094.7590000005
      ],
      [
       752497.1091000005,
       2467095.1048999988
      ],
      [
       752979.4562236196,
       2467098.7668090723
      ],
      [
       754689.5415000024,
       2467111.750050001
      ],
      [
       754793.9436999987,
       2467112.5423999997
      ],
      [
       754900.1956999982,
       2467125.7765999986
      ],
      [
       756132.4383459816,
       2467279.255899947
      ],
      [
       756175.2242000012,
       2467284.584999999
      ],
      [
       756281.4771000003,
       2467297.819
      ],
      [
       756292.591900002,
       2467300.949550002
      ],
      [
       756383.2806000016,
       2467326.492700001
      ],
      [
       756892.2999999984,
       2467469.861899998
      ],
      [
       756936.7910999998,
       2467567.1487500025
      ],
      [
       757381.7010000012,
       2468540.0212499984
      ],
      [
       757426.1920000007,
       2468637.3089999994
      ],
      [
       757503.6938000002,
       2468635.0008000024
      ],
      [
       757535.6847000001,
       2468621.683099997
      ],
      [
       757567.6756,
       2468653.6466000024
      ],
      [
       757577.3423012813,
       2468655.9189945497
      ],
      [
       757612.9971000007,
       2468664.300500001
      ],
      [
       757658.3186999983,
       2468693.600299998
      ],
      [
       757732.9644999987,
       2468693.600400001
      ],
      [
       757772.954,
       2468682.9462999986
      ],
      [
       757789.9586004855,
       2468682.096809708
      ],
      [
       757826.273000003,
       2468680.2826999994
      ],
      [
       757884.9238999984,
       2468688.2731
      ],
      [
       757940.9082999998,
       2468690.9366999995
      ],
      [
       757991.5619999995,
       2468706.918700002
      ],
      [
       758055.5449000022,
       2468693.6003000005
      ],
      [
       758119.5265999994,
       2468672.2917
      ],
      [
       758160.7829003849,
       2468673.621388045
      ],
      [
       758202.1709999978,
       2468674.9552999996
      ],
      [
       758320.5926000013,
       2468671.1721999976
      ],
      [
       758442.6393999988,
       2468658.1071999995
      ],
      [
       758573.4033999993,
       2468605.847600002
      ],
      [
       758662.4023979396,
       2468574.918494071
      ],
      [
       758673.6568999977,
       2468571.0073000034
      ],
      [
       758682.2800000019,
       2468571.007199998
      ],
      [
       758736.575199998,
       2468785.2144999993
      ],
      [
       759765.1319000011,
       2469019.7660999997
      ],
      [
       760588.7029000003,
       2467791.407299999
      ],
      [
       762014.4780999989,
       2465664.8589999992
      ],
      [
       763333.3942000003,
       2463697.6914999997
      ],
      [
       763260.639199999,
       2463510.1182999997
      ],
      [
       763241.966099999,
       2463461.9762
      ],
      [
       761410.608300001,
       2458740.461300001
      ],
      [
       760547.1013999998,
       2457782.1507
      ],
      [
       758356.6001999993,
       2455351.1560999993
      ],
      [
       757524.6995999991,
       2454427.921800001
      ],
      [
       753664.4674000004,
       2450143.8778000018
      ],
      [
       752966.0818000005,
       2449368.8170000003
      ],
      [
       752981.6111000002,
       2448404.5929999994
      ],
      [
       753012.531499999,
       2446484.7241999996
      ],
      [
       753021.1486000003,
       2445949.682600002
      ],
      [
       753050.3156000009,
       2444138.6846
      ],
      [
       753070.7122999998,
       2444139.0160999997
      ],
      [
       753088.7313089573,
       2444139.3089413308
      ],
      [
       753088.7357495833,
       2444139.034229318
      ],
      [
       754600.0561687016,
       2444163.870707538
      ],
      [
       757925.2588000002,
       2444217.9113000007
      ],
      [
       758515.3738000009,
       2444536.7073999993
      ],
      [
       758951.4208999992,
       2444772.271900001
      ],
      [
       759174.0777999994,
       2444892.557199999
      ],
      [
       760478.9675000006,
       2445597.4941000002
      ],
      [
       761073.6377999991,
       2445918.7510999995
      ],
      [
       767843.7253980265,
       2449576.136382983
      ],
      [
       769805.0057753111,
       2450635.591103271
      ],
      [
       769927.0524000014,
       2450624.539500001
      ],
      [
       770091.8742000015,
       2450609.6144999983
      ],
      [
       770098.4655180017,
       2450524.770507081
      ],
      [
       770167.8648811755,
       2449543.4988688044
      ],
      [
       770173.2141999997,
       2449233.6976999994
      ],
      [
       770177.8403000002,
       2448965.779400001
      ],
      [
       770257.9563999994,
       2444325.8975000014
      ],
      [
       770325.2889,
       2440426.3677999997
      ],
      [
       770294.7664000007,
       2440346.9605000005
      ],
      [
       770288.2358000001,
       2440329.9705000008
      ],
      [
       767118.1919000006,
       2432082.7995999986
      ],
      [
       766752.8297822347,
       2431132.2753814077
      ],
      [
       760770.2614222735,
       2431034.100969577
      ],
      [
       757418.2736000005,
       2430979.246800001
      ],
      [
       751649.5251000002,
       2430884.8432
      ],
      [
       751496.0259999991,
       2430882.3312000004
      ],
      [
       750602.3519000007,
       2430867.7065000003
      ],
      [
       750586.5283,
       2430867.4476000005
      ],
      [
       749660.792336039,
       2430852.2982548852
      ],
      [
       749533.170934499,
       2430850.2735375627
      ],
      [
       749539.7459370706,
       2431088.466958745
      ],
      [
       749565.5320917963,
       2432022.8094772506
      ],
      [
       750073.495154147,
       2433318.694895594
      ],
      [
       750085.4833097975,
       2433349.2814726727
      ],
      [
       749953.1746400037,
       2433693.2243532534
      ],
      [
       749953.1696577051,
       2433812.204415358
      ],
      [
       749953.1636870796,
       2433918.1136028464
      ],
      [
       749953.1539337565,
       2434129.7764264187
      ],
      [
       749873.7667303788,
       2434381.121221207
      ],
      [
       749767.9242838199,
       2434579.5482823495
      ],
      [
       749688.5420606745,
       2434738.292275694
      ],
      [
       749556.2358050353,
       2435016.0902344487
      ],
      [
       749582.6838829428,
       2435240.982122569
      ],
      [
       749503.3023506005,
       2435373.266556143
      ],
      [
       749291.6245651953,
       2435584.9181988207
      ],
      [
       749185.7823430876,
       2435770.117713363
      ],
      [
       749185.7750346707,
       2435942.093426973
      ],
      [
       749198.9942591347,
       2436153.7541768053
      ],
      [
       749119.6082639924,
       2436431.557352467
      ],
      [
       749013.7672275265,
       2436563.8409217177
      ],
      [
       748934.3877052462,
       2436656.438972474
      ],
      [
       748713.1922044045,
       2436767.020460859
      ],
      [
       748590.4184806478,
       2436828.397462134
      ],
      [
       748511.0342755192,
       2437013.597989375
      ],
      [
       748418.4233992832,
       2437145.8809714024
      ],
      [
       748380.5569910349,
       2437145.8785246727
      ],
      [
       748127.3829072819,
       2437145.8671674556
      ],
      [
       748034.7696482094,
       2437331.066279012
      ],
      [
       748008.3024075024,
       2437516.2700546333
      ],
      [
       748008.2893618373,
       2437780.8487161077
      ],
      [
       748008.2817127189,
       2437966.0533223827
      ],
      [
       747942.1282440993,
       2438124.795284456
      ],
      [
       747770.1395097412,
       2438296.7615145855
      ],
      [
       747690.7557547314,
       2438481.962820893
      ],
      [
       747770.1239517763,
       2438627.484177749
      ],
      [
       747770.1138589729,
       2438839.146678849
      ],
      [
       747719.7856769371,
       2439027.8351236363
      ],
      [
       747717.1874411672,
       2439037.5764243742
      ],
      [
       747611.3478413213,
       2439156.631334243
      ],
      [
       747452.5928506766,
       2439262.4548198404
      ],
      [
       747254.1492251998,
       2439341.8174999375
      ],
      [
       747187.9975634575,
       2439460.8735811496
      ],
      [
       747254.1367131055,
       2439646.0814331933
      ],
      [
       747346.7353540072,
       2439765.145686613
      ],
      [
       747545.1643515084,
       2439963.589507919
      ],
      [
       747690.6778653682,
       2440148.80152062
      ],
      [
       747783.2721949185,
       2440386.9243308255
      ],
      [
       747889.0972887335,
       2440572.1332523045
      ],
      [
       747981.6948965469,
       2440757.343464869
      ],
      [
       748061.0622176306,
       2440942.5511025237
      ],
      [
       748127.199750632,
       2441101.3012611996
      ],
      [
       748233.0283593823,
       2441220.3672573674
      ],
      [
       748325.6245180066,
       2441379.118710607
      ],
      [
       748365.3049331278,
       2441564.323204932
      ],
      [
       748391.7565412713,
       2441696.612984252
      ],
      [
       748484.3547846117,
       2441868.5942472117
      ],
      [
       748352.0529743943,
       2442040.562558954
      ],
      [
       748325.5865085111,
       2442238.996423708
      ],
      [
       748299.1187731122,
       2442437.428517349
      ],
      [
       748378.4910167848,
       2442503.5763810743
      ],
      [
       748524.0116055529,
       2442543.270000685
      ],
      [
       748603.3804207065,
       2442688.7905878746
      ],
      [
       748629.8320915204,
       2442834.309673652
      ],
      [
       748669.512695265,
       2442979.8294209386
      ],
      [
       748695.9646677398,
       2443138.5770976995
      ],
      [
       748735.643632805,
       2443337.0139587247
      ],
      [
       748735.632273764,
       2443588.3622679906
      ],
      [
       748748.8527487312,
       2443786.794582129
      ],
      [
       748537.176944589,
       2443945.5314828027
      ],
      [
       748537.1657232458,
       2444183.653090609
      ],
      [
       748616.5341311794,
       2444368.861675034
      ],
      [
       748709.1323568011,
       2444501.1548099294
      ],
      [
       748775.2704122724,
       2444673.133817859
      ],
      [
       748788.4908362468,
       2444884.794921648
      ],
      [
       748762.0192603376,
       2445175.830646762
      ],
      [
       748550.3365786523,
       2445480.085844783
      ],
      [
       748497.4133021277,
       2445625.6017023623
      ],
      [
       748523.8639579815,
       2445810.804769464
      ],
      [
       748325.4189941911,
       2445916.6273238277
      ],
      [
       748179.8891197571,
       2446088.5969274477
      ],
      [
       748047.5855946486,
       2446326.7110571084
      ],
      [
       748021.1175629245,
       2446564.830079006
      ],
      [
       747902.051223724,
       2446630.968822738
      ],
      [
       747796.2072975908,
       2446842.626499192
      ],
      [
       747849.1190891445,
       2446961.6870518536
      ],
      [
       747888.8022389405,
       2447080.749383985
      ],
      [
       748034.312098307,
       2447305.6482277196
      ],
      [
       748232.7484553864,
       2447385.03101203
      ],
      [
       748378.2642958483,
       2447543.7852970404
      ],
      [
       748484.0899867131,
       2447728.99539727
      ],
      [
       748523.7699248482,
       2447887.745226952
      ],
      [
       748523.7585744384,
       2448165.551276786
      ],
      [
       748325.3084246974,
       2448390.432937404
      ],
      [
       748021.0318888588,
       2448469.79162106
      ],
      [
       747822.5881954512,
       2448602.071585379
      ],
      [
       747743.2014174496,
       2448826.959364299
      ],
      [
       747822.5618322209,
       2449170.913282238
      ],
      [
       747849.0095875248,
       2449435.4945154185
      ],
      [
       747888.6847741609,
       2449713.3030291866
      ],
      [
       747888.6738467446,
       2449964.653546199
      ],
      [
       747782.8302518532,
       2450163.081318954
      ],
      [
       747703.4481729683,
       2450295.3652902553
      ],
      [
       747782.8169389825,
       2450440.88840989
      ],
      [
       747888.6433906837,
       2450626.098333912
      ],
      [
       747968.0120772631,
       2450745.1625790065
      ],
      [
       748153.2173809239,
       2450851.0037720306
      ],
      [
       748285.5067823697,
       2450930.383151323
      ],
      [
       748272.2735961601,
       2451049.4429070307
      ],
      [
       748338.4078137482,
       2451300.794325012
      ],
      [
       748351.6247446685,
       2451605.0608083946
      ],
      [
       748298.6976403769,
       2451816.7213889384
      ],
      [
       748311.9197914721,
       2451975.4702864373
      ],
      [
       748179.6178520464,
       2452160.6678916174
      ],
      [
       748047.3172633528,
       2452345.8645571
      ],
      [
       748126.6849310193,
       2452544.3030969948
      ],
      [
       748047.2980403817,
       2452769.1922133085
      ],
      [
       747941.4588340283,
       2452888.24745453
      ],
      [
       747888.5326355051,
       2453113.1370455083
      ],
      [
       747888.5216931566,
       2453351.258445081
      ],
      [
       747941.4276824992,
       2453576.1516282866
      ],
      [
       747967.8786586081,
       2453774.5864933413
      ],
      [
       747952.3651676606,
       2453813.3645429285
      ]
     ]
    ]
   },
   "properties": {
    "id": "sierra-fria",
    "nombre": "ANP Sierra Fría",
    "municipios": "Calvillo, Jesús María, Pabellón de Arteaga, Rincón de RomoSan José de Graci",
    "hectareas": 106595.61,
    "cat_manejo": "APRN",
    "cat_decreto": "Área de Protección de los Recursos Naturales Zona Protectora Forestal",
    "id_anp_oficial": "5.6.02.149",
    "prim_dec": "1949-08-03",
    "ult_dof": "2002-11-07"
   }
  },
  {
   "type": "Feature",
   "geometry": {
    "type": "Polygon",
    "coordinates": [
     [
      [
       734061.567489448,
       2403131.6075072945
      ],
      [
       733608.6774999992,
       2403650.582
      ],
      [
       733354.6565999999,
       2403445.356599999
      ],
      [
       733300.0347999986,
       2403499.9333999995
      ],
      [
       733230.0668000006,
       2403540.074999999
      ],
      [
       732886.3726999996,
       2403771.5401000003
      ],
      [
       732841.4452000005,
       2403801.5903999987
      ],
      [
       732234.1810999993,
       2404216.8068000013
      ],
      [
       731878.4401000002,
       2404457.670299999
      ],
      [
       731686.1661999992,
       2404617.499700001
      ],
      [
       731580.7028000008,
       2404691.9111999995
      ],
      [
       731117.7872999993,
       2405018.528600001
      ],
      [
       731041.6119999996,
       2405000.9656
      ],
      [
       730959.5780999999,
       2405012.674300001
      ],
      [
       730839.4585999995,
       2405074.1467
      ],
      [
       730740.3557000008,
       2405127.5891
      ],
      [
       730684.1406999999,
       2405179.1010000007
      ],
      [
       730588.9058000004,
       2405278.748899999
      ],
      [
       730420.0763000009,
       2405467.859799999
      ],
      [
       730453.2352000001,
       2405680.6491
      ],
      [
       730460.7374000009,
       2405728.7929999996
      ],
      [
       730546.3957000007,
       2405832.2819999997
      ],
      [
       730803.2828000003,
       2406142.643
      ],
      [
       730841.8411000003,
       2406189.227700001
      ],
      [
       731135.1546999998,
       2406076.5951000014
      ],
      [
       731194.581,
       2406053.7753
      ],
      [
       731263.3762000002,
       2406162.7353000008
      ],
      [
       731428.5109999995,
       2406424.281099999
      ],
      [
       731250.0000000002,
       2406419.9998999997
      ],
      [
       731096.1421999988,
       2406708.733899999
      ],
      [
       730859.9999999992,
       2406419.9998999997
      ],
      [
       730780.8465000001,
       2406836.6160999998
      ],
      [
       730553.369199999,
       2407182.6104999995
      ],
      [
       731519.999999999,
       2407049.999900001
      ],
      [
       732212.3246999993,
       2406632.5679
      ],
      [
       732465.3636999987,
       2406479.999900001
      ],
      [
       732796.5774999998,
       2407395.7816999992
      ],
      [
       733113.6847999993,
       2408272.5601
      ],
      [
       732815.8631000003,
       2408658.5385
      ],
      [
       733008.1836999991,
       2408867.4384000013
      ],
      [
       733121.6032999994,
       2408673.9790000007
      ],
      [
       733253.5582999993,
       2408615.4321
      ],
      [
       733588.4614000006,
       2408585.589299999
      ],
      [
       733833.8359,
       2408890.649499999
      ],
      [
       733696.8823999991,
       2410567.0689999997
      ],
      [
       733995.4156999992,
       2410724.6623000004
      ],
      [
       734413.4582000009,
       2410677.0372000006
      ],
      [
       734627.4220000012,
       2410794.5939000007
      ],
      [
       735079.9916,
       2410505.1427999996
      ],
      [
       735519.6101000005,
       2410409.8167
      ],
      [
       736023.874500001,
       2410300.4728999995
      ],
      [
       736114.6143000006,
       2410367.1101
      ],
      [
       736042.2096999998,
       2410545.0034000007
      ],
      [
       736163.3413999999,
       2410748.121400001
      ],
      [
       736099.0591000001,
       2411030.0419000005
      ],
      [
       736368.2728999996,
       2411584.9947
      ],
      [
       736395.5036000011,
       2411646.1571000004
      ],
      [
       736433.4797999992,
       2411947.8836999997
      ],
      [
       736897.6121999994,
       2412206.3879
      ],
      [
       737152.2076999998,
       2412174.6219999995
      ],
      [
       737219.341500001,
       2412385.578900001
      ],
      [
       737338.7128999992,
       2412670.743899999
      ],
      [
       737292.8887000009,
       2412711.6504000006
      ],
      [
       737332.1246999999,
       2412801.4211
      ],
      [
       737408.8541,
       2412912.546399999
      ],
      [
       737422.5724999992,
       2412954.6162
      ],
      [
       737448.5415999998,
       2413034.2548999996
      ],
      [
       737527.5363000009,
       2413107.7211
      ],
      [
       737566.3371999993,
       2413085.135500001
      ],
      [
       737633.8991000007,
       2413045.8084000004
      ],
      [
       737689.4616999998,
       2412980.720799999
      ],
      [
       737792.6494000008,
       2412985.4833
      ],
      [
       737794.9201999985,
       2412986.7448
      ],
      [
       737864.0870000002,
       2413025.1709000007
      ],
      [
       737940.2871999994,
       2412974.3707999988
      ],
      [
       737948.7628999994,
       2412954.7708000005
      ],
      [
       737965.6872,
       2412915.6331999996
      ],
      [
       738073.6374000001,
       2412914.0457000006
      ],
      [
       738140.3125999992,
       2412948.9706999995
      ],
      [
       738073.5658000006,
       2412966.2328000003
      ],
      [
       738048.2373999995,
       2412972.7833
      ],
      [
       737956.1621999998,
       2413101.3709999993
      ],
      [
       737851.3869999999,
       2413164.8712000004
      ],
      [
       737868.0916999987,
       2413245.2125000013
      ],
      [
       737884.7246000005,
       2413325.2090000017
      ],
      [
       738044.9936999996,
       2413469.869100001
      ],
      [
       737823.6056999993,
       2413532.3782
      ],
      [
       737737.9645999986,
       2413667.3707999988
      ],
      [
       737801.3805999999,
       2413838.766300001
      ],
      [
       738459.9777999995,
       2414501.8478000006
      ],
      [
       738463.2823000009,
       2414560.458699999
      ],
      [
       738479.4218999994,
       2414846.7234999994
      ],
      [
       738490.1404,
       2415036.8362999996
      ],
      [
       738609.2030999992,
       2415019.3738
      ],
      [
       738809.9999999994,
       2415239.9998999997
      ],
      [
       738967.9789,
       2415421.012100001
      ],
      [
       739049.9999999998,
       2415449.9998999992
      ],
      [
       739469.9999999992,
       2415449.9998999992
      ],
      [
       739589.9999999994,
       2415719.9999
      ],
      [
       739802.0439000006,
       2415672.879
      ],
      [
       739860.0000000003,
       2415659.9998999992
      ],
      [
       740190.0000000002,
       2415869.999900001
      ],
      [
       740159.9999999997,
       2415989.999900001
      ],
      [
       740503.8668999992,
       2415970.8961999984
      ],
      [
       740699.9999999992,
       2415959.9999000006
      ],
      [
       740699.9999999992,
       2416109.9998999992
      ],
      [
       740520.0000000001,
       2416139.9998999997
      ],
      [
       740819.9999999994,
       2416349.9998999992
      ],
      [
       740850.0,
       2416559.9998999992
      ],
      [
       740588.1812000006,
       2417252.9544
      ],
      [
       740597.6188000005,
       2417335.8594000014
      ],
      [
       740572.8091999994,
       2417446.071199999
      ],
      [
       740515.0685999987,
       2417702.5726
      ],
      [
       740575.0132999994,
       2417984.0015999987
      ],
      [
       741126.8971999999,
       2417660.1833
      ],
      [
       741413.7441,
       2417491.8757
      ],
      [
       741551.5288000009,
       2417557.1518
      ],
      [
       741554.1465,
       2417556.0297
      ],
      [
       741614.7238999988,
       2417530.0636
      ],
      [
       741707.4322000006,
       2417687.667700001
      ],
      [
       741798.1184999999,
       2417662.873299999
      ],
      [
       741540.1491999989,
       2416963.931
      ],
      [
       741676.8508999994,
       2416869.1217000005
      ],
      [
       741608.8583000005,
       2416632.595499999
      ],
      [
       741845.3963000011,
       2416634.1829999997
      ],
      [
       741877.4752999994,
       2416496.214800001
      ],
      [
       741872.7128000003,
       2416424.777100001
      ],
      [
       741675.8624000007,
       2416412.0770999985
      ],
      [
       741477.0955,
       2415945.2065999988
      ],
      [
       741616.7957999996,
       2415888.056500001
      ],
      [
       742093.7468999991,
       2416199.2836
      ],
      [
       742045.7505999996,
       2416420.0145999994
      ],
      [
       742426.9111999999,
       2416526.3033
      ],
      [
       742027.9591000004,
       2417370.9432
      ],
      [
       742203.8137999987,
       2417884.153600001
      ],
      [
       742415.4809000005,
       2417970.9371000007
      ],
      [
       742560.0000000007,
       2417660.4921
      ],
      [
       742791.189899999,
       2417713.408800001
      ],
      [
       743026.2727000007,
       2417411.8494000006
      ],
      [
       743232.6481000006,
       2417500.7496
      ],
      [
       743004.0477000001,
       2417696.541600001
      ],
      [
       743235.8231000006,
       2417866.9335999987
      ],
      [
       743167.7821999994,
       2417957.122300001
      ],
      [
       743033.5264999992,
       2418135.079
      ],
      [
       742851.7573999998,
       2418146.1916
      ],
      [
       742562.9477000006,
       2418833.0335999997
      ],
      [
       742349.4672000002,
       2419099.5417000004
      ],
      [
       742374.9584999997,
       2419193.6569000008
      ],
      [
       742422.2535,
       2419368.2726000017
      ],
      [
       742479.1389999997,
       2419488.6582999984
      ],
      [
       742547.0727000001,
       2419474.7024000003
      ],
      [
       742726.4604999996,
       2419604.8776999996
      ],
      [
       743033.0636999999,
       2419886.2376999995
      ],
      [
       743196.3615000005,
       2419836.6530999998
      ],
      [
       743402.7369000004,
       2420017.628499999
      ],
      [
       743370.4080999992,
       2420089.0853
      ],
      [
       743285.5649000001,
       2420226.6688999995
      ],
      [
       742616.1677000002,
       2419893.2931999983
      ],
      [
       742734.3980000009,
       2420195.4288
      ],
      [
       742591.5228,
       2420187.491300001
      ],
      [
       742454.0798000002,
       2419989.0771999997
      ],
      [
       742523.2600999997,
       2419919.2032999992
      ],
      [
       742091.4592999995,
       2419528.6775
      ],
      [
       742029.3385000003,
       2419597.9704000005
      ],
      [
       741928.2497000006,
       2419710.730399999
      ],
      [
       741997.7966000009,
       2419895.390699999
      ],
      [
       742251.6758000004,
       2420102.486800001
      ],
      [
       742306.6045999993,
       2420147.2937000003
      ],
      [
       742233.0979000002,
       2420628.580600001
      ],
      [
       742367.6847999998,
       2420761.056199999
      ],
      [
       742485.1600000001,
       2420762.6437
      ],
      [
       742643.3792999993,
       2420799.589999999
      ],
      [
       743017.324500001,
       2420975.979199999
      ],
      [
       743138.1289999993,
       2421333.9744000006
      ],
      [
       743345.0900999989,
       2421333.190699999
      ],
      [
       743339.6098999984,
       2421349.925799999
      ],
      [
       743243.0321000003,
       2421644.8472000007
      ],
      [
       743092.5770999996,
       2421581.067399999
      ],
      [
       743047.9788000002,
       2421562.161599999
      ],
      [
       742855.8070000004,
       2421480.697400001
      ],
      [
       742853.5647000002,
       2421479.7469
      ],
      [
       742850.7881,
       2421480.9204999995
      ],
      [
       742442.9304999991,
       2421653.3139000004
      ],
      [
       741906.1856999998,
       2421634.5649000006
      ],
      [
       741900.0927000004,
       2421634.3520999993
      ],
      [
       741897.477000001,
       2421639.4551999993
      ],
      [
       741860.5640000007,
       2421711.471399999
      ],
      [
       741920.8891000008,
       2422070.2470999993
      ],
      [
       742005.3786000002,
       2422172.480199999
      ],
      [
       742019.1553999996,
       2422242.8950000005
      ],
      [
       741833.9466999997,
       2422110.602999999
      ],
      [
       741745.7221000005,
       2422191.431500001
      ],
      [
       741465.7341000004,
       2422447.947400001
      ],
      [
       741455.5762,
       2422439.6033999994
      ],
      [
       741342.2616999997,
       2422346.523600002
      ],
      [
       741176.8967999992,
       2422593.4685999984
      ],
      [
       740866.4517,
       2422595.673399999
      ],
      [
       740900.7793999995,
       2422818.530600001
      ],
      [
       740661.1189000007,
       2422966.8918999983
      ],
      [
       740337.2681999996,
       2422871.6416999986
      ],
      [
       739867.3672999997,
       2422744.641399999
      ],
      [
       739351.7576999998,
       2422600.164499999
      ],
      [
       739404.6744999994,
       2422454.6434
      ],
      [
       739518.1166000001,
       2422357.290699999
      ],
      [
       739568.9167000001,
       2422300.1405999986
      ],
      [
       739600.6667999995,
       2422204.890399999
      ],
      [
       739477.5627999996,
       2422053.1000999995
      ],
      [
       738425.4242000002,
       2421791.4257999985
      ],
      [
       737978.4058,
       2421680.249199999
      ],
      [
       738031.4088000014,
       2422025.7923000017
      ],
      [
       738245.7217000003,
       2422158.878000001
      ],
      [
       738621.4073999992,
       2422521.4988
      ],
      [
       738324.0316999999,
       2422742.248800001
      ],
      [
       738127.6238999995,
       2422613.665799999
      ],
      [
       738159.7319999991,
       2422572.951699999
      ],
      [
       738077.7110000005,
       2422492.253599999
      ],
      [
       737640.3982000006,
       2422294.6922
      ],
      [
       737579.4665999993,
       2423057.921299999
      ],
      [
       737631.3579999997,
       2423056.6109999986
      ],
      [
       737782.9645000007,
       2423097.8861000007
      ],
      [
       737973.0571000007,
       2423034.7797000003
      ],
      [
       738275.8737999992,
       2422927.8027999997
      ],
      [
       738610.4728000003,
       2422921.399099999
      ],
      [
       738686.0160999999,
       2422782.9105999987
      ],
      [
       738942.0405999998,
       2422903.029600001
      ],
      [
       738895.4783000004,
       2423135.689099998
      ],
      [
       739162.4535000008,
       2423468.8803999997
      ],
      [
       739278.9216999994,
       2423633.0069999984
      ],
      [
       739386.0781999993,
       2423754.7155000013
      ],
      [
       739433.7032999992,
       2423830.1218999997
      ],
      [
       739559.3805999989,
       2423839.3824000005
      ],
      [
       739597.7452000001,
       2423904.2053999994
      ],
      [
       739636.1099000002,
       2424017.9765
      ],
      [
       739706.2246000009,
       2424081.4766
      ],
      [
       739821.3186,
       2424208.4768999997
      ],
      [
       739962.8710000011,
       2424310.0770999994
      ],
      [
       739966.2047000004,
       2424359.924699999
      ],
      [
       740114.3716999997,
       2424415.4873
      ],
      [
       740236.0802999992,
       2424542.4875000007
      ],
      [
       740458.3306999995,
       2424820.300599999
      ],
      [
       740611.7894000008,
       2424883.800699999
      ],
      [
       740707.0394999995,
       2424968.4674999993
      ],
      [
       740834.0398000011,
       2425098.1136000003
      ],
      [
       740947.8108999993,
       2425137.801200001
      ],
      [
       741066.8735999985,
       2425233.0514000007
      ],
      [
       741225.4781000003,
       2425338.9513000003
      ],
      [
       741263.6434000006,
       2425364.434199999
      ],
      [
       741327.8628000004,
       2425359.3375
      ],
      [
       741348.5004000007,
       2425432.3626000006
      ],
      [
       741367.2236999997,
       2425491.359999999
      ],
      [
       743485.2831000002,
       2425524.4205
      ],
      [
       747980.003300001,
       2425594.577899999
      ],
      [
       749363.9543000002,
       2425616.1798000005
      ],
      [
       749614.1540999999,
       2425620.0851000003
      ],
      [
       749578.5333999998,
       2425591.532700001
      ],
      [
       749050.5232999987,
       2425168.297499999
      ],
      [
       748799.9901,
       2425146.0961000007
      ],
      [
       748724.2671000003,
       2425043.047800001
      ],
      [
       748750.2367000013,
       2424939.1866999995
      ],
      [
       748790.1467000005,
       2424779.5736000002
      ],
      [
       748876.0674999999,
       2424435.9483
      ],
      [
       748881.2948000001,
       2424415.0429000007
      ],
      [
       748693.3633000014,
       2424102.3606000007
      ],
      [
       748343.3469000009,
       2423519.9997
      ],
      [
       748438.3972000006,
       2422446.9837000007
      ],
      [
       748133.4236000002,
       2422006.9607999986
      ],
      [
       747998.422399999,
       2422079.955600002
      ],
      [
       747818.4339000003,
       2421906.943700001
      ],
      [
       747634.9745000004,
       2421810.117100001
      ],
      [
       747575.7077000006,
       2421681.0001
      ],
      [
       747493.1574999989,
       2421482.033099999
      ],
      [
       747309.4723000004,
       2421297.9075999996
      ],
      [
       747200.495599999,
       2420862.8944000006
      ],
      [
       746404.5143000002,
       2420759.8537000003
      ],
      [
       746356.2956999989,
       2420507.0170000005
      ],
      [
       746059.830400001,
       2420434.3611
      ],
      [
       745713.5743999997,
       2419786.8026999994
      ],
      [
       745591.8306000008,
       2419737.395300002
      ],
      [
       745548.1342000008,
       2419719.6618999997
      ],
      [
       745470.8756999988,
       2419796.9203999997
      ],
      [
       745420.0756000011,
       2419802.2119999984
      ],
      [
       745418.6786999992,
       2419778.814500001
      ],
      [
       745413.7255999987,
       2419695.8493000017
      ],
      [
       745100.4582999992,
       2419505.3489999985
      ],
      [
       745132.2084000009,
       2419274.6317999996
      ],
      [
       744962.8746999993,
       2419123.819000001
      ],
      [
       744835.8744,
       2419036.5063000005
      ],
      [
       744941.7079999992,
       2418988.8813000014
      ],
      [
       745132.2084000009,
       2419102.652300001
      ],
      [
       745383.5630000003,
       2419250.8193000006
      ],
      [
       745616.3968000001,
       2419338.131999999
      ],
      [
       745684.8668000004,
       2419393.5600000015
      ],
      [
       745757.254999999,
       2419418.9937
      ],
      [
       745759.8013000004,
       2419419.8883999996
      ],
      [
       745825.9573999988,
       2419465.8301000004
      ],
      [
       745836.001400001,
       2419472.8051000005
      ],
      [
       745859.2788000014,
       2419531.513000001
      ],
      [
       745865.018100001,
       2419545.988
      ],
      [
       745878.841000001,
       2419524.0079000005
      ],
      [
       745898.9961999992,
       2419500.9385
      ],
      [
       745914.8262999997,
       2419482.8197000003
      ],
      [
       745921.7266000005,
       2419474.9218
      ],
      [
       745951.3600000003,
       2419401.8966999995
      ],
      [
       746008.5101000005,
       2419348.9798999997
      ],
      [
       746070.1317000003,
       2419264.3835999994
      ],
      [
       746114.5818,
       2419321.5336999996
      ],
      [
       746132.0442999994,
       2419424.7214000006
      ],
      [
       746171.7319000001,
       2419445.358999999
      ],
      [
       746349.5322000006,
       2419332.6461999984
      ],
      [
       746362.2322999997,
       2419240.5711
      ],
      [
       746374.9323,
       2419204.0584999993
      ],
      [
       746422.5573999998,
       2419192.946
      ],
      [
       746459.0700000005,
       2419204.0584999993
      ],
      [
       746882.9332999996,
       2419208.8210000005
      ],
      [
       746909.9209,
       2419224.696000001
      ],
      [
       746970.2460000002,
       2419305.6587000014
      ],
      [
       747036.9211000005,
       2419296.133700001
      ],
      [
       747116.2962999999,
       2419234.221000001
      ],
      [
       747144.8713000006,
       2419234.221000001
      ],
      [
       747178.208899999,
       2419308.833699999
      ],
      [
       747263.9341000008,
       2419340.5837999987
      ],
      [
       747240.1215000004,
       2419461.233999999
      ],
      [
       747335.3717000001,
       2419531.0841000015
      ],
      [
       747354.4217999993,
       2419607.2842999985
      ],
      [
       747335.3717000001,
       2419666.0219
      ],
      [
       747314.7342000008,
       2419751.7470999993
      ],
      [
       747329.0216999999,
       2419815.2471999996
      ],
      [
       747382.9968,
       2419869.2222999996
      ],
      [
       747390.5371,
       2419943.8867999995
      ],
      [
       748026.5344999994,
       2419765.9139
      ],
      [
       748339.5179999997,
       2419993.933399999
      ],
      [
       748622.1059999993,
       2419904.5268
      ],
      [
       748629.6249999998,
       2419904.999900001
      ],
      [
       748643.4999999997,
       2419907.999900001
      ],
      [
       748668.1250000007,
       2419920.2498999997
      ],
      [
       748683.562500001,
       2419930.999900001
      ],
      [
       748709.812500001,
       2419946.4998999997
      ],
      [
       748731.3749999997,
       2419974.2498999992
      ],
      [
       748736.5988000009,
       2419979.186899998
      ],
      [
       748828.9078999993,
       2420124.9381999997
      ],
      [
       749062.2708999998,
       2420207.488399999
      ],
      [
       749313.2847000004,
       2420081.8907000003
      ],
      [
       749568.8239999994,
       2419954.0284999995
      ],
      [
       749752.9934999989,
       2420142.1301000016
      ],
      [
       749919.6813000002,
       2420113.0259
      ],
      [
       750110.1816999997,
       2419843.1503999997
      ],
      [
       750507.0574999992,
       2419737.3168000006
      ],
      [
       750950.9410000006,
       2420052.5023000003
      ],
      [
       751105.7226000004,
       2419989.0022
      ],
      [
       750901.7245999997,
       2419144.865
      ],
      [
       750885.6447999995,
       2419078.3275000015
      ],
      [
       750932.2861000006,
       2419085.5544000003
      ],
      [
       751328.5394999994,
       2419146.9521999992
      ],
      [
       751537.8497999992,
       2419005.0601000013
      ],
      [
       751647.6950999995,
       2418614.082100001
      ],
      [
       751643.7213000001,
       2418392.7716999995
      ],
      [
       751648.6421999997,
       2418389.590399999
      ],
      [
       751931.6011000004,
       2418206.6602999987
      ],
      [
       752175.8959999997,
       2418017.4229999995
      ],
      [
       752536.7490999991,
       2418249.9499000004
      ],
      [
       752478.4034000001,
       2417522.6556
      ],
      [
       752417.214899999,
       2416759.9257
      ],
      [
       752493.4899000006,
       2416633.458900002
      ],
      [
       752596.3651999995,
       2416462.8878999995
      ],
      [
       752771.2551000002,
       2416253.337400001
      ],
      [
       753119.1829000012,
       2415885.5658999993
      ],
      [
       753189.2975999997,
       2415978.170199999
      ],
      [
       753258.0893999997,
       2416041.670299999
      ],
      [
       753622.6852999997,
       2416231.457900001
      ],
      [
       753930.0,
       2415929.9999
      ],
      [
       753633.2686000003,
       2415776.3736000005
      ],
      [
       753765.2975000005,
       2415342.4655000004
      ],
      [
       754682.2121000007,
       2415913.4795000004
      ],
      [
       754966.9042999987,
       2415863.737700001
      ],
      [
       754936.2126000006,
       2415599.1537999995
      ],
      [
       755223.009900001,
       2415618.6874
      ],
      [
       755401.3714999998,
       2415877.3320999998
      ],
      [
       755407.0920000002,
       2416328.7213999997
      ],
      [
       756390.0,
       2416469.9998999997
      ],
      [
       756569.9999999992,
       2416289.9999000006
      ],
      [
       756624.8302000002,
       2416513.680700001
      ],
      [
       757541.7603000005,
       2416848.820199999
      ],
      [
       757825.3545999995,
       2417045.1599999997
      ],
      [
       758292.1846000004,
       2417535.5200000005
      ],
      [
       759092.8402999998,
       2417127.969599999
      ],
      [
       759288.6323999991,
       2416418.8848000006
      ],
      [
       760024.1755000008,
       2416090.8009
      ],
      [
       760369.6235000005,
       2415736.2897999994
      ],
      [
       760368.7326000009,
       2415735.2011
      ],
      [
       760370.8057000003,
       2415735.0765999993
      ],
      [
       760371.0979000003,
       2415734.7767999996
      ],
      [
       760685.9814999993,
       2415716.1523999996
      ],
      [
       761288.9818000004,
       2415555.1004000003
      ],
      [
       761362.4535,
       2415556.980900001
      ],
      [
       761452.9383999996,
       2415559.2969000014
      ],
      [
       761957.9948999998,
       2415571.566799999
      ],
      [
       762196.5259999991,
       2415404.9114999995
      ],
      [
       762207.0425000011,
       2415397.5638999995
      ],
      [
       762137.4067000011,
       2415332.8604000006
      ],
      [
       762076.5383999995,
       2415276.3034
      ],
      [
       762045.9135000001,
       2415225.804
      ],
      [
       762009.8327999996,
       2415214.445800001
      ],
      [
       761952.6909000006,
       2415161.456900001
      ],
      [
       761957.2608999994,
       2415144.1799
      ],
      [
       761906.7201000006,
       2415111.713700001
      ],
      [
       761906.7416000001,
       2415111.6453
      ],
      [
       761906.7161999998,
       2415111.6289
      ],
      [
       761980.3542999991,
       2414877.394200001
      ],
      [
       762110.5505999996,
       2414908.222899999
      ],
      [
       762122.0451999995,
       2414894.8988000015
      ],
      [
       762261.2945999998,
       2414733.486899999
      ],
      [
       762322.8600000012,
       2414622.9772
      ],
      [
       762350.3479000009,
       2414593.2526999987
      ],
      [
       762385.586599999,
       2414510.382899999
      ],
      [
       762387.3035999993,
       2414507.3007999985
      ],
      [
       762394.9049000007,
       2414493.656500001
      ],
      [
       762392.7525999999,
       2414493.530700001
      ],
      [
       762405.2404000005,
       2414464.1634999993
      ],
      [
       762137.8300999994,
       2414454.808499999
      ],
      [
       762082.2244000006,
       2414452.8632
      ],
      [
       762082.2392000004,
       2414452.8285999997
      ],
      [
       762082.215699999,
       2414452.8278000006
      ],
      [
       762149.2469999994,
       2414295.9434999996
      ],
      [
       762228.0631999988,
       2414111.411399999
      ],
      [
       762338.0687999986,
       2413853.8554999996
      ],
      [
       762341.8949999999,
       2413844.897299999
      ],
      [
       762386.5015999993,
       2413740.46
      ],
      [
       762413.5641000009,
       2413677.0987
      ],
      [
       762420.5857999985,
       2413660.6587
      ],
      [
       762426.3876999997,
       2413647.0748000005
      ],
      [
       762426.4734999998,
       2413647.1046999986
      ],
      [
       762426.6975000007,
       2413646.5804
      ],
      [
       762339.5173,
       2413606.2587
      ],
      [
       762189.0786999994,
       2413536.6793000004
      ],
      [
       761846.2596999995,
       2413194.615399999
      ],
      [
       761822.5331999998,
       2413170.9411000004
      ],
      [
       761809.9845999999,
       2413158.4201999987
      ],
      [
       761763.0636999989,
       2413170.2053999985
      ],
      [
       761472.7195000007,
       2413243.1316000004
      ],
      [
       761377.6887000008,
       2413267.0006000013
      ],
      [
       761087.9945000008,
       2413054.6688
      ],
      [
       760970.3383999994,
       2412799.8313000007
      ],
      [
       761083.5903999992,
       2412635.6673000003
      ],
      [
       761120.179700001,
       2412582.6294999993
      ],
      [
       761067.6987000002,
       2412512.099
      ],
      [
       760964.5221999988,
       2412373.4376
      ],
      [
       760926.3237999999,
       2412322.1019
      ],
      [
       760496.7849999992,
       2412218.7578000007
      ],
      [
       760439.4648000004,
       2412204.9668999994
      ],
      [
       760386.5716999999,
       2412197.1900000004
      ],
      [
       760299.3930999994,
       2412229.8274000017
      ],
      [
       760242.0688,
       2412254.417400001
      ],
      [
       760134.0281999989,
       2412166.9887000015
      ],
      [
       759922.3610999993,
       2411948.7070000013
      ],
      [
       759773.532599999,
       2411922.2487000003
      ],
      [
       759700.7720999989,
       2412038.0041000014
      ],
      [
       759565.1727999996,
       2412266.2077
      ],
      [
       759432.8808999994,
       2412553.9426
      ],
      [
       759290.6671000007,
       2412540.713400001
      ],
      [
       759360.1203999993,
       2412319.1243999987
      ],
      [
       759465.9538999997,
       2412080.9990000003
      ],
      [
       759545.3290999992,
       2411786.649399999
      ],
      [
       759621.3968999995,
       2411611.3625999996
      ],
      [
       759603.626599999,
       2411512.727999999
      ],
      [
       759500.8477000007,
       2411503.5481000002
      ],
      [
       759304.5124,
       2411357.6568999994
      ],
      [
       759241.5556,
       2411262.776799999
      ],
      [
       759458.7684000015,
       2410986.167899999
      ],
      [
       759555.9999999999,
       2410752.0089
      ],
      [
       759569.7339000014,
       2410718.9340999997
      ],
      [
       759493.4496999998,
       2410692.5088999993
      ],
      [
       759367.3271999995,
       2410648.819399999
      ],
      [
       759375.8834000004,
       2410839.7205000008
      ],
      [
       759171.5351000002,
       2410803.6009
      ],
      [
       759160.9517999996,
       2410593.2567999996
      ],
      [
       759155.6087999989,
       2410591.6760000004
      ],
      [
       759072.8660999992,
       2410567.1953000007
      ],
      [
       758648.9819999989,
       2410441.7825
      ],
      [
       758264.9886,
       2410716.7927
      ],
      [
       757393.0023999988,
       2410455.5409
      ],
      [
       757407.5545000007,
       2410077.186000001
      ],
      [
       757236.8979000004,
       2410065.279700001
      ],
      [
       757164.5722000003,
       2410458.4419
      ],
      [
       757057.192999999,
       2410791.3585000006
      ],
      [
       757251.0341999992,
       2411344.2211000007
      ],
      [
       757346.9457999988,
       2412022.2173000006
      ],
      [
       757611.5297000002,
       2412842.4272000003
      ],
      [
       757690.9048999996,
       2413108.995500001
      ],
      [
       757383.3260999994,
       2413509.178600001
      ],
      [
       757181.0280000009,
       2413560.4362999997
      ],
      [
       757174.2798000006,
       2413284.9691000003
      ],
      [
       756811.1635000008,
       2412946.937899999
      ],
      [
       756754.9393999988,
       2412864.255399999
      ],
      [
       756526.7358999989,
       2412626.1298999996
      ],
      [
       755980.2129000007,
       2412105.718800002
      ],
      [
       756012.2694999996,
       2411799.738800001
      ],
      [
       755943.2235,
       2411589.9042
      ],
      [
       755871.6024000006,
       2411592.5939000007
      ],
      [
       755904.6754000008,
       2411484.7759
      ],
      [
       756029.979700001,
       2411364.7263999986
      ],
      [
       756408.8755999993,
       2411219.8544
      ],
      [
       756214.7161999996,
       2410474.3169
      ],
      [
       755842.8227999998,
       2409659.4778000005
      ],
      [
       755978.4113999999,
       2408898.115700001
      ],
      [
       755854.8821000006,
       2408730.7093000007
      ],
      [
       755493.3898999997,
       2408640.1609000014
      ],
      [
       755116.9729999992,
       2408439.9664999982
      ],
      [
       754970.6812999997,
       2407962.363500002
      ],
      [
       754340.2337999993,
       2407518.4836000004
      ],
      [
       754179.0203000001,
       2407143.0053000003
      ],
      [
       754124.9940000001,
       2407017.173800002
      ],
      [
       753989.6359000008,
       2405707.6188999997
      ],
      [
       753982.0022999998,
       2405716.126700002
      ],
      [
       753951.65,
       2405728.2974999994
      ],
      [
       753516.9763,
       2405902.5939999996
      ],
      [
       753327.7527999994,
       2406097.1001999998
      ],
      [
       753212.0555999986,
       2406216.0274000005
      ],
      [
       753151.4338000005,
       2406330.6022999985
      ],
      [
       753143.1845000007,
       2406346.1934999996
      ],
      [
       752958.5305000005,
       2406410.1165
      ],
      [
       752868.7849000003,
       2406441.1842999994
      ],
      [
       752860.759,
       2406443.9626999996
      ],
      [
       752522.2189000007,
       2406447.7127999994
      ],
      [
       752502.6832999998,
       2406447.9291999983
      ],
      [
       752071.9330000005,
       2406507.1616999987
      ],
      [
       751939.2887000002,
       2406512.8109
      ],
      [
       751849.0668000005,
       2406516.6534
      ],
      [
       751721.8834999994,
       2406526.723099999
      ],
      [
       751595.2080000006,
       2406536.752499999
      ],
      [
       751287.7564000011,
       2406404.2341
      ],
      [
       751271.3240000011,
       2406399.383099999
      ],
      [
       751123.6242000001,
       2406355.7809999986
      ],
      [
       751042.8029999996,
       2406331.9219
      ],
      [
       751013.7029999997,
       2406338.335100001
      ],
      [
       750960.0431999995,
       2406295.7402000003
      ],
      [
       750833.4552999986,
       2406269.3728999994
      ],
      [
       750767.9177000001,
       2406267.9438000014
      ],
      [
       750531.1958000001,
       2406343.2641000007
      ],
      [
       750456.985700001,
       2406371.0501000015
      ],
      [
       750429.4739000004,
       2406372.611600001
      ],
      [
       750127.7391000002,
       2406389.7376000015
      ],
      [
       750085.7177999993,
       2406392.1226999993
      ],
      [
       749969.9521000007,
       2406430.018899999
      ],
      [
       749699.8886999991,
       2406430.0570000005
      ],
      [
       749061.0634000008,
       2406430.017500001
      ],
      [
       748806.828899999,
       2406430.0075
      ],
      [
       748610.1751000001,
       2406429.9998000013
      ],
      [
       748579.2459999997,
       2406811.7267000005
      ],
      [
       748559.9452999987,
       2407049.935799998
      ],
      [
       748559.9686999992,
       2407110.5359000014
      ],
      [
       748559.9992999997,
       2407190.009900001
      ],
      [
       748563.8342000004,
       2407246.8927000007
      ],
      [
       748570.1137000007,
       2407340.036399999
      ],
      [
       748580.0162999994,
       2407459.992799999
      ],
      [
       748540.0659999993,
       2407640.003399999
      ],
      [
       748402.5081000003,
       2407680.4378
      ],
      [
       748199.9274999999,
       2407739.9853000017
      ],
      [
       748130.0701000006,
       2407728.3610999994
      ],
      [
       748120.4744999995,
       2407726.764499999
      ],
      [
       748079.9566999997,
       2407720.0222999984
      ],
      [
       747820.1073000003,
       2407419.9706999995
      ],
      [
       747759.9275,
       2407300.028799999
      ],
      [
       747710.0110999995,
       2407189.9428000012
      ],
      [
       747649.9774999992,
       2407190.0662000002
      ],
      [
       747605.8273999989,
       2407190.034199999
      ],
      [
       747559.982599999,
       2407190.000999999
      ],
      [
       747320.0070000001,
       2407309.9560000007
      ],
      [
       747100.1525999986,
       2407459.9707000004
      ],
      [
       746979.9058999997,
       2407499.932299999
      ],
      [
       746870.0293000008,
       2407580.0184000013
      ],
      [
       746810.1134999993,
       2407620.0636999994
      ],
      [
       746729.9759999994,
       2407630.0465999995
      ],
      [
       746660.0039999995,
       2407659.9386
      ],
      [
       746579.9528000002,
       2407640.0585999982
      ],
      [
       746479.9007999992,
       2407640.095899998
      ],
      [
       746420.0727000012,
       2407640.0217
      ],
      [
       746330.0930000002,
       2407679.9765
      ],
      [
       746280.0365000002,
       2407729.969799999
      ],
      [
       746200.0198999988,
       2407800.085999999
      ],
      [
       746110.1508999999,
       2407870.1084
      ],
      [
       745959.9752000007,
       2407999.9768000003
      ],
      [
       745730.0821000005,
       2408200.0673999987
      ],
      [
       745635.2822999995,
       2408249.688899999
      ],
      [
       745519.9662999994,
       2408310.0492000007
      ],
      [
       745470.0117999997,
       2408359.9433999993
      ],
      [
       745229.9641999995,
       2408559.9328000005
      ],
      [
       745139.5942999999,
       2408633.4038
      ],
      [
       744910.0974,
       2408819.9852
      ],
      [
       744839.9391000011,
       2408900.048499999
      ],
      [
       744719.9985999987,
       2408949.9683
      ],
      [
       744610.0713000002,
       2408889.9795999993
      ],
      [
       744519.9442000008,
       2408810.0700000008
      ],
      [
       744450.0281000007,
       2408720.0014999993
      ],
      [
       744350.0487999991,
       2408639.9981999984
      ],
      [
       744070.078300001,
       2408560.0609000013
      ],
      [
       743939.9707999992,
       2408580.015699999
      ],
      [
       743800.1610999993,
       2408470.0657000006
      ],
      [
       743690.0073999986,
       2408329.9323
      ],
      [
       743440.0387999999,
       2408350.033899999
      ],
      [
       743249.9254999994,
       2408440.0952999997
      ],
      [
       743195.8297999995,
       2408505.0166999986
      ],
      [
       743150.0217000004,
       2408559.991900001
      ],
      [
       743059.9514999996,
       2408630.007500001
      ],
      [
       742920.1100000007,
       2408710.100799999
      ],
      [
       742709.9236999998,
       2408620.0774000017
      ],
      [
       742540.0802999992,
       2408590.0763000012
      ],
      [
       742439.9246999999,
       2408569.998600001
      ],
      [
       742319.9419999998,
       2408499.9570000013
      ],
      [
       742259.9853000003,
       2408430.0958
      ],
      [
       742150.0668000001,
       2408379.9613000015
      ],
      [
       742030.1006999998,
       2408359.9949
      ],
      [
       741970.0798999995,
       2408379.9251999995
      ],
      [
       741930.0694000016,
       2408410.0042
      ],
      [
       741860.0780000008,
       2408390.019400001
      ],
      [
       741859.8859,
       2408409.9250000003
      ],
      [
       741759.9598999991,
       2408480.0463999985
      ],
      [
       741639.9255999995,
       2408550.0722
      ],
      [
       741579.9869999993,
       2408520.0296
      ],
      [
       741370.0657999992,
       2408610.0989000006
      ],
      [
       741290.0214000004,
       2408590.0159000014
      ],
      [
       741199.9223999991,
       2408580.0909999995
      ],
      [
       741059.9379999996,
       2408530.0658000004
      ],
      [
       740990.0382999995,
       2408480.017899999
      ],
      [
       740910.0813999999,
       2408430.073000001
      ],
      [
       740819.9642000007,
       2408360.0179999997
      ],
      [
       740760.0104999999,
       2408290.0565000013
      ],
      [
       740730.025500001,
       2408230.038399999
      ],
      [
       740709.9016000014,
       2408190.0237000016
      ],
      [
       740669.9665999992,
       2408139.9647000013
      ],
      [
       740600.047100001,
       2408040.043299999
      ],
      [
       740580.1035999997,
       2407940.0036
      ],
      [
       740559.9546999993,
       2407830.0052000005
      ],
      [
       740510.0562000005,
       2407760.041599999
      ],
      [
       740460.036600001,
       2407630.0470999996
      ],
      [
       740420.1015000002,
       2407579.9884
      ],
      [
       740339.935,
       2407499.9753
      ],
      [
       740270.0358000004,
       2407449.927899999
      ],
      [
       740220.0462000002,
       2407410.027200001
      ],
      [
       740170.1635999986,
       2407379.9827999985
      ],
      [
       740119.9818999998,
       2407359.9872999983
      ],
      [
       740059.9349000001,
       2407310.0341000003
      ],
      [
       740000.1071000006,
       2407310.0588
      ],
      [
       739900.1504000004,
       2407280.030400001
      ],
      [
       739809.9472000013,
       2407249.9936999995
      ],
      [
       739700.1459999995,
       2407250.036299999
      ],
      [
       739649.9782000005,
       2407270.0599000016
      ],
      [
       739600.1183000013,
       2407299.943499999
      ],
      [
       739539.8998000002,
       2407329.9241000013
      ],
      [
       739480.1750999986,
       2407340.0055
      ],
      [
       739390.0796000008,
       2407329.9802000006
      ],
      [
       739339.8937999991,
       2407300.030099998
      ],
      [
       739310.0346999994,
       2407309.997799999
      ],
      [
       739230.0972000007,
       2407310.0269000004
      ],
      [
       739140.1003000006,
       2407300.1040000007
      ],
      [
       738829.8757999998,
       2407210.014599999
      ],
      [
       738819.1936999994,
       2407167.228000001
      ],
      [
       738759.9951999999,
       2406930.112199999
      ],
      [
       738670.0774000003,
       2406560.0242999997
      ],
      [
       738540.1195999997,
       2406420.006300001
      ],
      [
       738501.0640000012,
       2406374.8011000007
      ],
      [
       738496.5035999997,
       2406369.5226000007
      ],
      [
       738350.1046999996,
       2406200.072100001
      ],
      [
       738159.996099999,
       2405989.9903999995
      ],
      [
       738159.964400001,
       2405899.999099999
      ],
      [
       738160.0117,
       2405667.8155
      ],
      [
       738160.0865000002,
       2405364.0139000006
      ],
      [
       738160.1263000007,
       2405219.9954999993
      ],
      [
       738380.1487999988,
       2404999.9184999997
      ],
      [
       738290.1054999996,
       2404580.062300001
      ],
      [
       738095.9271999996,
       2404587.802300001
      ],
      [
       738084.323599999,
       2404588.2647999995
      ],
      [
       738040.048200001,
       2404590.0045999987
      ],
      [
       737779.9367000015,
       2404599.949
      ],
      [
       737729.9666999996,
       2404610.0222
      ],
      [
       737559.9489000001,
       2404629.9908000007
      ],
      [
       737359.1613999996,
       2404654.0519999987
      ],
      [
       737310.0002000005,
       2404659.9431000007
      ],
      [
       737167.1058999995,
       2404663.8378
      ],
      [
       736984.5595000001,
       2404668.8129999987
      ],
      [
       736939.9888000003,
       2404670.0277
      ],
      [
       736880.0530999998,
       2404639.9867000007
      ],
      [
       736750.1662000008,
       2404700.0611
      ],
      [
       736720.1092999994,
       2404720.0792999985
      ],
      [
       736589.9935999986,
       2404689.958599999
      ],
      [
       736450.0340000001,
       2404700.0631
      ],
      [
       736370.1687000002,
       2404900.081200001
      ],
      [
       736299.1744000005,
       2405088.8377999994
      ],
      [
       736279.9643999991,
       2405139.9124
      ],
      [
       736069.9832999997,
       2405029.987400002
      ],
      [
       736050.1440999993,
       2404940.008199999
      ],
      [
       736030.1106000007,
       2404870.0341000007
      ],
      [
       736010.0585999992,
       2404739.9329000013
      ],
      [
       735959.9638999989,
       2404680.022600001
      ],
      [
       735900.1223999994,
       2404629.9744999995
      ],
      [
       735859.9771000008,
       2404549.9507000004
      ],
      [
       735860.1534000009,
       2404479.9738999996
      ],
      [
       735909.9999999995,
       2404409.973300001
      ],
      [
       735959.9493999999,
       2404350.0293999994
      ],
      [
       735920.0899000004,
       2404230.0944000003
      ],
      [
       735860.065399999,
       2404230.0144999987
      ],
      [
       735829.974700001,
       2404149.988500002
      ],
      [
       735826.5122999994,
       2404139.5612000003
      ],
      [
       735810.0459000006,
       2404089.970799999
      ],
      [
       735780.1497999992,
       2404000.0953
      ],
      [
       735760.0244000002,
       2403950.0278999987
      ],
      [
       735820.0326000004,
       2403900.0357000018
      ],
      [
       735830.0667000002,
       2403840.0070999996
      ],
      [
       735819.9801999996,
       2403750.020300002
      ],
      [
       735800.0675000008,
       2403740.0749999983
      ],
      [
       735730.1489000004,
       2403630.1040999996
      ],
      [
       735629.9679999996,
       2403520.0383
      ],
      [
       735560.0720000006,
       2403469.9931999994
      ],
      [
       735450.0632000002,
       2403440.0693000006
      ],
      [
       735357.0634999996,
       2403403.8609999996
      ],
      [
       735269.9641000004,
       2403369.9499
      ],
      [
       735049.9490999988,
       2403310.0013000006
      ],
      [
       734810.0193999986,
       2403230.0528999986
      ],
      [
       734620.023400001,
       2403180.0602999995
      ],
      [
       734439.8746999995,
       2403120.0823999993
      ],
      [
       734279.9914999986,
       2403070.0693
      ],
      [
       734062.6809000005,
       2403060.0438999995
      ],
      [
       734093.8981000006,
       2403094.559300001
      ],
      [
       734061.567489448,
       2403131.6075072945
      ]
     ]
    ]
   },
   "properties": {
    "id": "sierra-del-laurel",
    "nombre": "ANP Sierra del Laurel",
    "municipios": "Aguascalientes, Calvillo, Jesús María",
    "hectareas": 29851.23,
    "cat_manejo": "",
    "cat_decreto": "",
    "id_anp_oficial": "",
    "prim_dec": "",
    "ult_dof": ""
   }
  },
  {
   "type": "Feature",
   "geometry": {
    "type": "Polygon",
    "coordinates": [
     [
      [
       782281.8670169736,
       2423049.178422889
      ],
      [
       782236.3033000007,
       2423074.8232000005
      ],
      [
       782264.6334000004,
       2423118.269300001
      ],
      [
       782424.6913000009,
       2423061.9990999987
      ],
      [
       782439.8724999985,
       2423088.4612
      ],
      [
       782675.0238000003,
       2423002.888599999
      ],
      [
       782682.4410000001,
       2422998.1509999996
      ],
      [
       782689.4008000006,
       2422992.7639000006
      ],
      [
       782700.336900001,
       2422983.4801000003
      ],
      [
       782705.5869000015,
       2422979.023299999
      ],
      [
       782719.6386999997,
       2422964.3102
      ],
      [
       782804.101900001,
       2422855.0046999985
      ],
      [
       782693.2385000002,
       2422769.5031000003
      ],
      [
       782630.0940999994,
       2422720.665500001
      ],
      [
       782615.8740000005,
       2422710.9287999994
      ],
      [
       782582.1544000001,
       2422690.5000999994
      ],
      [
       782476.5373000009,
       2422654.1568000005
      ],
      [
       782393.9909999999,
       2422635.4123000004
      ],
      [
       782386.0564999995,
       2422637.1351999994
      ],
      [
       782366.8230999999,
       2422633.0043999995
      ],
      [
       782362.0314999996,
       2422628.4312000005
      ],
      [
       782276.0701000007,
       2422608.9640000006
      ],
      [
       782229.5196999991,
       2422596.9272000003
      ],
      [
       782189.0692999995,
       2422584.390900002
      ],
      [
       782167.1613,
       2422576.4864000008
      ],
      [
       782157.0996999992,
       2422574.3476
      ],
      [
       782150.5942999993,
       2422574.4538
      ],
      [
       782141.613900001,
       2422576.5344
      ],
      [
       782126.4845000004,
       2422588.2056000005
      ],
      [
       782371.3666000009,
       2422967.2191000003
      ],
      [
       782348.8901000007,
       2423011.4556
      ],
      [
       782281.8670169736,
       2423049.178422889
      ]
     ]
    ]
   },
   "properties": {
    "id": "la-pona",
    "nombre": "ANP La Pona",
    "municipios": "Aguascalientes",
    "hectareas": 18.25,
    "cat_manejo": "",
    "cat_decreto": "",
    "id_anp_oficial": "",
    "prim_dec": "",
    "ult_dof": ""
   }
  },
  {
   "type": "Feature",
   "geometry": {
    "type": "MultiPolygon",
    "coordinates": [
     [
      [
       [
        749660.792336039,
        2430852.2982548852
       ],
       [
        750586.5283,
        2430867.4476000005
       ],
       [
        750602.3519000007,
        2430867.7065000003
       ],
       [
        751496.0259999991,
        2430882.3312000004
       ],
       [
        751649.5251000002,
        2430884.8432
       ],
       [
        757418.2736000005,
        2430979.246800001
       ],
       [
        760770.2614222735,
        2431034.100969577
       ],
       [
        750586.4659106631,
        2430866.9840936144
       ],
       [
        749660.792336039,
        2430852.2982548852
       ]
      ]
     ],
     [
      [
       [
        768713.7629805894,
        2436233.8296171916
       ],
       [
        770288.2358000001,
        2440329.9705000008
       ],
       [
        770288.3481528116,
        2440329.9948903457
       ],
       [
        766752.8411753027,
        2431132.275568369
       ],
       [
        766752.8297822347,
        2431132.2753814077
       ],
       [
        767118.1919000006,
        2432082.7995999986
       ],
       [
        768713.7629805894,
        2436233.8296171916
       ]
      ]
     ],
     [
      [
       [
        753010.8324709004,
        2449418.480811494
       ],
       [
        753664.4674000004,
        2450143.8778000018
       ],
       [
        757524.6995999991,
        2454427.921800001
       ],
       [
        758356.6001999993,
        2455351.1560999993
       ],
       [
        760547.1013999998,
        2457782.1507
       ],
       [
        761410.608300001,
        2458740.461300001
       ],
       [
        763241.966099999,
        2463461.9762
       ],
       [
        763260.639199999,
        2463510.1182999997
       ],
       [
        763333.3942000003,
        2463697.6914999997
       ],
       [
        762014.4780999989,
        2465664.8589999992
       ],
       [
        760588.7029000003,
        2467791.407299999
       ],
       [
        759765.1319000011,
        2469019.7660999997
       ],
       [
        758736.575199998,
        2468785.2144999993
       ],
       [
        759768.0272684903,
        2469023.884645015
       ],
       [
        763371.4510891858,
        2463697.8949029935
       ],
       [
        763272.617671263,
        2463442.9398158407
       ],
       [
        761449.2499187371,
        2458741.201676654
       ],
       [
        753004.189245993,
        2449369.3643785017
       ],
       [
        753088.7313089573,
        2444139.3089413308
       ],
       [
        753070.7122999998,
        2444139.0160999997
       ],
       [
        753050.3156000009,
        2444138.6846
       ],
       [
        753021.1486000003,
        2445949.682600002
       ],
       [
        753012.531499999,
        2446484.7241999996
       ],
       [
        752981.6111000002,
        2448404.5929999994
       ],
       [
        752966.0818000005,
        2449368.8170000003
       ],
       [
        753010.8324709004,
        2449418.480811494
       ]
      ]
     ],
     [
      [
       [
        767551.8707554352,
        2449418.480811494
       ],
       [
        767843.7253980265,
        2449576.136382983
       ],
       [
        761073.6377999991,
        2445918.7510999995
       ],
       [
        760478.9675000006,
        2445597.4941000002
       ],
       [
        759174.0777999994,
        2444892.557199999
       ],
       [
        758951.4208999992,
        2444772.271900001
       ],
       [
        758515.3738000009,
        2444536.7073999993
       ],
       [
        757925.2588000002,
        2444217.9113000007
       ],
       [
        754600.0561687016,
        2444163.870707538
       ],
       [
        757925.6192268905,
        2444218.5217751865
       ],
       [
        767551.8707554352,
        2449418.480811494
       ]
      ]
     ],
     [
      [
       [
        770173.5063340724,
        2449233.5747736096
       ],
       [
        770173.2141999997,
        2449233.6976999994
       ],
       [
        770167.8648811755,
        2449543.4988688044
       ],
       [
        770168.2457857584,
        2449538.1130720614
       ],
       [
        770173.5063340724,
        2449233.5747736096
       ]
      ]
     ],
     [
      [
       [
        770098.4655180017,
        2450524.770507081
       ],
       [
        770091.8742000015,
        2450609.6144999983
       ],
       [
        769927.0524000014,
        2450624.539500001
       ],
       [
        769805.0057753111,
        2450635.591103271
       ],
       [
        769805.2239134202,
        2450635.7089382587
       ],
       [
        770092.4393703856,
        2450609.9771642215
       ],
       [
        770098.4655180017,
        2450524.770507081
       ]
      ]
     ]
    ]
   },
   "properties": {
    "id": "cadnr-001-pabellon",
    "nombre": "C.A.D.N.R. 001 Pabellón",
    "municipios": "Aguascalientes: Calvillo, Jesús María, Rincón de Romos, Pabellón de Arteaga y San José de Gracia; Zacatecas: Cuauhtémoc, Guadalupe, Genaro Codina, Ojocaliente y Villanueva",
    "hectareas": 58583.08,
    "cat_manejo": "APRN",
    "cat_decreto": "Área de Protección de los Recursos Naturales Zona Protectora Forestal",
    "id_anp_oficial": "5.6.02.149",
    "prim_dec": "1949-08-03",
    "ult_dof": "2002-11-07"
   }
  }
 ]
}